idx,sentence,label
47722,ode to tackling life 's wonderment ,1
34071,this story about love and culture ,1
33047,"keen eye , sweet spirit ",1
56401,skirts around any scenes that might have required genuine acting from ms. spears ,0
9955,"here , common sense flies out the window , along with the hail of bullets , none of which ever seem to hit sascha . ",0
924,that 's hardly any fun to watch ,0
50667,lifts the film high above run-of-the-filth gangster flicks ,1
25294,"the acting is amateurish , the cinematography is atrocious ",0
47763,"the whole affair , true story or not , feels incredibly hokey ",0
1475,"cold , nervy and memorable ",1
63077,revealed before about the source of his spiritual survival ,1
19003,"my least favorite emotions , especially when i have to put up with 146 minutes of it ",0
25219,thoughtful and surprisingly affecting portrait ,1
15650,"else who may , for whatever reason , be thinking about going to see this movie ",0
60700,advised to sit near the back and squint to avoid noticing some truly egregious lip-non-synching ,0
15936,aims so low ,0
66910,the film is way too full of itself ; ,0
34002,", marvelously twisted shapes history ",1
14151,"the brawn , but not ",1
20060,"a directorial tour de force by bernard rose , ivans ",1
21519,nary a glimmer of self-knowledge ,0
30373,becomes an overwhelming pleasure ,1
7289,a travesty of a transvestite comedy ,0
33417,"witless , pointless , tasteless and idiotic ",0
6574,an irresistible blend ,1
10425,", unlikable characters ",0
31491,"hurried , badly cobbled look ",0
36583,"of a future-world holographic librarian ( orlando jones ) who knows everything and answers all questions , is visually smart , cleverly written , and nicely realized ",1
56041,fluffy and disposible ,0
35914,"if you like an extreme action-packed film with a hint of humor , then triple x marks the spot . ",1
31760,", unfortunately , is a little too in love with its own cuteness ",0
62531,the worst movie i 've seen this summer ,0
54956,its story is only surface deep ,0
52939,suspenseful enough ,1
24663,-- every member of the ensemble has something fascinating to do -- ,1
50573,"it lets you brush up against the humanity of a psycho , without making him any less psycho . ",1
30431,finds warmth in the coldest environment ,1
52260,"'s little to recommend snow dogs , unless one considers cliched dialogue and perverse escapism a source of high hilarity . ",0
33405,into sugary sentiment and withholds delivery on the pell-mell ,0
62422,nothing wrong with performances here ,1
8629,will certainly appeal to asian cult cinema fans and asiaphiles interested to see what all the fuss is about . ,1
36781,it 's a crime movie made by someone who obviously knows nothing about crime ,0
19541,something to behold ,1
18835,"feels like the work of someone who may indeed have finally aged past his prime ... and , perhaps more than he realizes , ",0
38099,willing to let the earnestness of its execution and skill of its cast take you down a familiar road with a few twists ,1
14964,"cared much about any aspect of it , from its cheesy screenplay to the grayish quality of its lighting to its last-minute , haphazard theatrical release ",0
19690,"suffers from a simplistic narrative and a pat , fairy-tale conclusion ",0
30860,if the suspense never rises to a higher level ,0
27210,major acting lessons and maybe a little coffee ,0
42636,"as with most late-night bull sessions , eventually the content is n't nearly as captivating as the rowdy participants think it is . ",0
16994,if you believe that the shocking conclusion is too much of a plunge or ,0
6871,"costner 's warm-milk persona is just as ill-fitting as shadyac 's perfunctory directing chops , and ",0
10393,"it 's hard to care about a film that proposes as epic tragedy the plight of a callow rich boy who is forced to choose between his beautiful , self-satisfied 22-year-old girlfriend and an equally beautiful , self-satisfied 18-year-old mistress . ",0
35051,peppering the pages with memorable zingers ,1
46383,glows ,1
59565,a good film ,1
38885,the effort is gratefully received ,1
10292,"jagger , stoppard and ",1
50734,", stuart little 2 manages sweetness largely without stickiness . ",1
25158,"'s about as convincing as any other arnie musclefest , ",0
51488,"has some cute moments , funny scenes , and hits the target audience ( young bow wow fans ) - ",1
29517,"queen of the damned as you might have guessed , makes sorry use of aaliyah in her one and only starring role -- she does little here but point at things that explode into flame ",0
9421,the insightful writer/director responsible for this illuminating comedy ,1
58761,"'s hard to care about a film that proposes as epic tragedy the plight of a callow rich boy who is forced to choose between his beautiful , self-satisfied 22-year-old girlfriend and an equally beautiful , self-satisfied 18-year-old mistress ",0
59204,your toes wo n't still be tapping ,1
40096,the modern-day characters are nowhere near as vivid as the 19th-century ones . ,0
55272,"the film does n't sustain its initial promise with a jarring , new-agey tone creeping into the second half ",0
3140,be intriguing ,1
52125,that someone other than the director got into the editing room and tried to improve things by making the movie go faster ,0
17992,"and in a sense , that 's a liability . ",0
57943,a cute alien creature ,1
31057,"while american adobo has its heart ( and its palate ) in the right place , its brain is a little scattered -- ditsy , even . ",0
47489,the sexuality ,1
66578,"nelson 's intentions are good , but the end result does no justice to the story itself . ",0
51525,inspire a trip to the video store -- ,1
54713,"an astounding performance that deftly , gradually reveals a real human soul buried beneath a spellbinding serpent 's smirk . ",1
57004,its best moments ,1
59948,the mind to enter and accept another world ,1
20312,ineffable ,1
63611,discovery and humor between chaplin and kidman ,1
26958,wondering why lee 's character did n't just go to a bank manager and save everyone the misery ,1
8663,has the dubious distinction of being a really bad imitation of the really bad blair witch project ,0
48519,"is a movie that is what it is : a pleasant distraction , a friday night diversion , an excuse to eat popcorn . ",1
15175,will lead when given the opportunity ,1
42469,it 's the worst movie of 2002 ,0
21980,incapable of being boring ,1
15976,"only with muscles and a lot more smarts , but just as endearing and easy to watch ",1
22174,bad trip ,0
13014,rich and intelligent film ,1
64366,solid acting and a neat premise ,1
22245,"a true study , a film with a questioning heart ",1
47225,"richard pryor mined his personal horrors and came up with a treasure chest of material , but ",1
13960,"the ambiguous welcome extended by iran to the afghani refugees who streamed across its borders , desperate for work and food ",1
25835,'s a delightfully quirky movie to be made from curling ,1
1636,the ` ick ' in ` classic ,0
11755,aggressively anti-erotic ,0
36183,a 1986 harlem that does n't look much like anywhere in new york ,0
64858,its audience giddy with the delight of discovery ,1
35298,"it might be ` easier ' to watch on video at home , but that should n't stop die-hard french film connoisseurs from going out and enjoying the big-screen experience ",1
59077,"any of the character dramas , which never reach satisfying conclusions ",0
20043,"in my own very humble opinion , in praise of love lacks even the most fragmented charms i have found in almost all of his previous works . ",0
50370,from grace that still leaves shockwaves ,1
23274,"the filmmakers try to balance pointed , often incisive satire and unabashed sweetness , with results that are sometimes bracing , sometimes baffling and quite often , and in unexpected ways , touching . ",1
28600,graced with the kind of social texture and realism that would be foreign in american teen comedies ,1
65317,"truly , truly bad movie ",0
45640,funnybone ,1
6413,the blanket statements and dime-store ruminations ,0
10092,'s why sex and lucia is so alluring . ,1
60515,derailed ,0
29490,good actors ,1
34814,his generation 's ,1
12560,the end it 's as sweet as greenfingers ,1
6389,"entirely appropriately , the tale unfolds like a lazy summer afternoon and concludes with the crisp clarity of a fall dawn . ",1
56489,"takes a surprising , subtle turn at the midway point . ",1
8315,"a sweet , honest , and enjoyable comedy-drama ",1
32739,sets out ,1
64302,"entirely suspenseful , extremely ",1
32294,"a routine crime thriller remarkable only for its lack of logic and misuse of two fine actors , morgan freeman and ashley judd . ",0
32107,restage the whole thing ,0
18582,run for your lives ! ,0
42093,'s ) a clever thriller with enough unexpected twists to keep our interest . ,1
41562,to head off in its own direction ,1
34035,it 's packed with adventure and a worthwhile environmental message ,1
38927,narrated by martin landau and directed with sensitivity and skill by dana janklowicz-mann ,1
57219,"guilty-pleasure , daytime-drama sort ",1
13904,"it 's an entertaining movie , and the effects , boosted to the size of a downtown hotel , will all but take you to outer space . ",1
7672,like this movie a lot . ,1
5627,"small , personal film ",1
62079,"indeed , the more outrageous bits achieve a shock-you-into-laughter intensity of almost dadaist proportions . ",1
34470,a small star with big heart ,1
12771,portrayals ,0
8884,trashy ,0
58756,"but the problem with wendigo , for all its effective moments , is n't really one of resources . ",0
34371,ca n't possibly be enough ,0
31489,", hole-ridden plotting ",0
11072,in the utter cuteness of stuart and margolo ,1
43696,to grow boring ... which proves that rohmer still has a sense of his audience ,1
58312,"none of this is very original , and it is n't particularly funny . ",0
36422,"consistently funny , in an irresistible junior-high way , and consistently free ",1
50839,dysfunctional drama ,0
46012,"a key strength in its willingness to explore its principal characters with honesty , insight and humor ",1
3042,deep intelligence and ,1
34119,exploitation flick ,0
45799,mild hallucinogenic buzz ,0
3950,honestly ,1
190,men in black ii achieves ultimate insignificance -- it 's the sci-fi comedy spectacle as whiffle-ball epic . ,0
6718,thoughtful and ,1
18156,a gripping documentary ,1
56832,exceptionally dreary and overwrought bit ,0
3256,"very , very good reasons ",1
54983,you have figured out the con and the players in this debut film by argentine director fabian bielinsky ,1
56847,is so intent on hammering home his message that he forgets to make it entertaining ,0
31308,moore provides an invaluable service by sparking debate and encouraging thought . ,1
63458,feels so distant you might as well be watching it through a telescope ,0
63635,you 've spent the past 20 minutes looking at your watch ,0
21083,dazzling ,1
43085,"inventive , fun , intoxicatingly sexy , violent , self-indulgent and maddening . ",1
21015,so devoid of pleasure or sensuality that it can not even be dubbed hedonistic . ,0
9343,"hypnotically dull , ",0
18060,puts an exclamation point on the fact that this is n't something to be taken seriously ,0
21620,a ragbag of cliches ,0
35675,"the writing is indifferent , and jordan brady 's direction is prosaic ",0
26794,a high enough level ,1
36698,scored and powered ,1
35851,gutless direction ,0
4870,"this is one of mr. chabrol 's subtlest works , but also one of his most uncanny . ",1
31592,is cumbersome ,0
41334,insufferably naive . ,0
60252,a powerful drama with enough sardonic wit to keep it from being maudlin ,1
56179,"a gently funny , sweetly adventurous film that makes you feel genuinely good , that is to say , ",1
42522,clever script ,1
25700,soap opera-ish dialogue ,0
64371,", astonish and entertain ",1
33561,vulgar ,0
55289,underdeveloped effort ,0
9090,as good a job as anyone ,1
3795,is so rich with period minutiae ,1
13493,"a bit exploitative but also nicely done , ",1
41026,"funny , sexy ",1
38902,maintains a surprisingly buoyant tone throughout ,1
1707,the film runs on a little longer than it needs to -- muccino either does n't notice when his story ends or just ca n't tear himself away from the characters -- ,0
2942,"play well in european markets , where mr. besson is a brand name , and in asia , where ms. shu is an institution ",1
32027,a certain robustness ,1
58145,propels her into the upper echelons of the directing world ,1
10918,"seems uncertain whether it wants to be an acidic all-male all about eve or a lush , swooning melodrama in the intermezzo strain . ",0
13405,there 's real visual charge to the filmmaking ,1
8900,"over its seemingly eternal running time to pique your interest , your imagination , your empathy or anything , really , save your disgust and your indifference ",0
21110,"arrive early and stay late , ",1
53156,try hard but come off too amateurish and awkward . ,0
12987,scattered ,0
29786,"even if the enticing prospect of a lot of nubile young actors in a film about campus depravity did n't fade amid the deliberate , tiresome ugliness , it would be rendered tedious by avary 's failure to construct a story with even a trace of dramatic interest . ",0
53041,"thoughtless , ",0
33528,praises ,1
10042,anyone in his right mind would want to see the it ,1
24797,screwed-up characters ,0
39863,worthwhile moviegoing experience ,1
16767,"maggie smith as the ya-ya member with the o2-tank will absolutely crack you up with her crass , then gasp for gas , verbal deportment . ",1
8075,really unclear ,0
27088,a well-mounted history lesson ,1
39535,very meticulously but without any passion ,0
14520,"realism , crisp storytelling and radiant compassion ",1
39215,how sandler is losing his touch ,0
16677,a kind of perpetual pain ,0
7001,how ridiculous and money-oriented ,0
5617,for large-scale action and suspense ,1
61484,is always watchable . ,1
4531,far more often than the warfare ,1
66786,"recite bland police procedural details , fiennes wanders around ",0
9874,"shiri is an action film that delivers on the promise of excitement , but it also has a strong dramatic and emotional pull that gradually sneaks up on the audience . ",1
12893,smartly and ,1
2950,all credibility flies out the window . ,0
19483,"good action , good acting , good dialogue ",1
20859,ever-watchful ,1
20624,"a summary of the plot does n't quite do justice to the awfulness of the movie , for that comes through all too painfully in the execution . ",0
27686,"has been overexposed , ",0
27682,"try as you might to scrutinize the ethics of kaufman 's approach , somehow it all comes together to create a very compelling , sensitive , intelligent and almost cohesive piece of film entertainment ",1
28431,of the long list of renegade-cop tales ,0
34310,the advantage of a postapocalyptic setting is that it can be made on the cheap . ,0
19010,"it with ring , an indisputably spooky film ",1
20385,"delicious , quirky movie ",1
45201,has come to new york city to replace past tragedy with the american dream ,1
21123,rollicking good time ,1
41080,a delightful lark for history buffs ,1
54432,the sexual politics too smug ,0
49156,even the corniest ,0
937,"great to see this turd squashed under a truck , preferably a semi ",0
18206,"director uwe boll and writer robert dean klein fail to generate any interest in an unsympathetic hero caught up in an intricate plot that while cleverly worked out , can not overcome blah characters . ",0
50111,catch this imax offering ,1
19650,land beyond time is an enjoyable big movie primarily because australia is a weirdly beautiful place . ,1
49398,a feature debut ,1
56860,'s a part of us that can not help be entertained by the sight of someone getting away with something ,1
2438,spotty ,0
29862,stylists ,1
38928,"formulaic , its plot and pacing typical hollywood war-movie stuff , ",0
66252,"a pretty decent kid-pleasing , tolerable-to-adults lark of a movie ",1
22657,shallow styles ,0
25661,avoid ,0
63284,ultimately very satisfying ,1
31845,"appalling , ",0
17612,"like its title character , is repellantly out of control . ",0
50652,spectacular ,1
14392,where the upbeat ending feels like a copout ,0
16108,greatest musicians ,1
9354,"although fairly involving as far as it goes , the film does n't end up having much that is fresh to say about growing up catholic or , really , anything . ",0
311,create a film that 's not merely about kicking undead *** ,1
50338,have made a remarkable film that explores the monster 's psychology not in order to excuse him but rather to demonstrate that his pathology evolved from human impulses that grew hideously twisted ,1
26372,which should appeal to women ,1
31012,has a funny moment or two ,1
24050,", french director anne fontaine delivers an inspired portrait of male-ridden angst and the emotional blockage that accompanies this human condition ",1
19927,its floating narrative ,1
27554,will have a barrie good time ,1
30035,contributions ,1
66670,love story ,1
34603,"'re not likely to have seen before , but beneath the exotic surface ( and exotic dancing ) it 's surprisingly old-fashioned . ",0
26952,childlike dimness ,0
54854,"perfectly acceptable , occasionally very enjoyable children 's entertainment ",1
37384,fascinating curiosity piece ,1
32663,"a question for philosophers , not filmmakers ",0
28520,that 's best served cold ,1
18613,"it will just as likely make you weep , ",1
3217,becomes long and tedious like a classroom play in a college history course . ,0
60507,are never more than sketches ... which leaves any true emotional connection or identification frustratingly out of reach . ,0
51072,the premise itself is just sooooo tired . ,0
53208,"mel gibson can gasp , shudder and even tremble without losing his machismo ",1
22714,to suffer ' ,0
3073,gorgeousness . ,1
46257,those exceedingly rare films ,1
58792,being `` in the mood '' to view a movie as harrowing and ,0
21273,"have made a great saturday night live sketch , but a great movie it is not ",0
33019,can be viewed as pure composition and form -- film as music ,1
5431,the scenic splendor ,1
51839,impersonal ,0
48988,their story is predictable ,0
60366,a head-turner -- thoughtfully written ,1
34793,completely serviceable and quickly forgettable ,0
12570,", even-flowing tone ",1
856,point at things that explode into flame ,0
11828,he forgets to make it entertaining ,0
42120,"'s a feel-bad ending for a depressing story that throws a bunch of hot-button items in the viewer 's face and asks to be seen as hip , winking social commentary . ",0
25400,"some cute moments , funny scenes , and ",1
11647,disingenuous ,0
57456,"when your subject is illusion versus reality , should n't the reality seem at least passably real ? ",0
17212,"the film boasts at least a few good ideas and features some decent performances , but the result is disappointing ",0
57673,translation : ` we do n't need to try very hard . ' ,0
574,"is an extraordinary film , not least ",1
55688,just plain bad ,0
65606,their way around this movie directionless ,0
13861,the jokes are sophomoric ,0
35637,", there 's something creepy about this movie . ",0
36184,visual flourishes ,1
65688,its own cuteness ,1
43652,", do we have that same option to slap her creators because they 're clueless and inept ? ",0
66225,ick ' ,0
13728,'d be hard pressed to think of a film more cloyingly sappy than evelyn this year ,0
17980,its adult themes of familial separation and societal betrayal are head and shoulders above much of the director 's previous popcorn work . ,1
48276,can see without feeling embarrassed ,1
52852,i like all four of the lead actors a lot ,1
8825,"might to resist , if you 've got a place in your heart for smokey robinson ",1
37888,the kind of movie that leaves vague impressions and a nasty aftertaste but little clear memory of its operational mechanics . ,0
43454,well established ,1
16828,"this film is so different from the apple and so striking that it can only encourage us to see samira makhmalbaf as a very distinctive sensibility , working to develop her own film language with conspicuous success . ",1
15491,"more of a poetic than a strict reality , creating an intriguing species of artifice that gives the lady and the duke something of a theatrical air ",1
39765,the pale script ,0
14869,virtually absent ,0
520,leave the theater ,0
62251,"an unflinching , ",1
23410,"'s dull , spiritless , silly and monotonous ",0
41390,the richness of characterization that makes his films so memorable ,1
40604,", sometimes creepy intimacy ",0
16961,not in order to excuse him but rather to demonstrate that his pathology evolved from human impulses that grew hideously twisted ,0
28524,has a great cast and a great idea . ,1
50633,"rouge is less about a superficial midlife crisis than it is about the need to stay in touch with your own skin , at 18 or 80 . ",1
67137,under a red bridge is a poem to the enduring strengths of women ,1
28506,"look at morality , family , and social expectation through the prism of that omnibus tradition called marriage ",1
1527,good-natured ,1
49500,welcome perspective ,1
53602,( less a movie than ) ,0
46061,amy and matthew have a bit of a phony relationship ,0
53064,but fails to keep it up and settles into clichés . ,0
5038,a crucial third act miscalculation ,0
13242,enjoyed as a work of fiction inspired by real-life events ,1
54000,the pleasure of his sounds and images ,1
32531,"tosses around sex toys and offers half-hearted paeans to empowerment that are repeatedly undercut by the brutality of the jokes , most at women 's expense . ",0
13263,"tom tykwer , director of the resonant and sense-spinning run lola run ",1
22755,godard 's ode to tackling life 's wonderment ,1
17942,"this film , like the similarly ill-timed antitrust , ",0
18455,every bad action-movie line in history ,0
30667,work because there is no foundation for it ,0
23313,that rival vintage looney tunes for the most creative mayhem in a brief amount of time ,1
35839,best moments ,1
63461,"the pain , loneliness and insecurity of the screenwriting process are vividly and painfully brought to slovenly life in this self-deprecating , biting and witty feature written by charlie kaufman and his twin brother , donald , and directed by spike jonze . ",1
31115,summer-camp talent show ,0
38184,"an overstylized , puréed mélange of sex , psychology , drugs and philosophy ",0
66084,stand-up magic ,1
43752,deeply affecting film ,1
31492,know what it wants to be ,1
30224,one that was hard for me to warm up to ,0
23810,"as violent , profane and exploitative as the most offensive action flick you 've ever seen . ",0
20822,"a naturally funny film , home movie ",1
59997,"a romantic crime comedy that turns out to be clever , amusing and unpredictable ",1
35375,"mostly believable , refreshingly low-key and ",1
45258,in by the sympathetic characters ,1
5633,drowned me in boredom . ,0
10093,is : ` scooby ' do n't ,0
56987,"the exploitative , clumsily staged violence overshadows everything , including most of the actors . ",1
30386,a humorless journey into a philosophical void . ,0
21778,an imaginative teacher of emotional intelligence in this engaging film about two men who discover what william james once called ` the gift of tears ,1
37704,good romance ,1
35230,that are as valid today ,1
1100,"is n't heated properly , so that it ends up ",0
53297,"her own screenplay , jumps to the head of the class of women 's films that manage to avoid the ghetto of sentimental chick-flicks by treating female follies with a satirical style ",1
25823,posing as a real movie . ,0
18287,the grandeur of the best next generation episodes ,1
54587,chance to prove his worth ,1
61385,their lack of chemistry ,0
22515,find an escape clause ,0
51050,rhetoric and cliché ,0
57250,"sitting through this sloppy , made-for-movie comedy special ",0
7641,drunken ,0
17175,lousy direction ,0
47298,"an exhausted , desiccated talent ",0
62325,one 's appetite for the bollywood films ,1
39404,that lifts your spirits ,1
21422,dumb and cheesy ,0
62066,nothing more than an hour-and-a-half-long commercial for britney 's latest album ,0
27719,will find it more than capable of rewarding them ,1
23052,"walked out muttering words like `` horrible '' and `` terrible , '' but had so much fun dissing the film that they did n't mind the ticket cost . ",0
52529,this gender-bending comedy is generally quite funny . ,1
59843,that leaves you wanting more ,1
54322,the cultural moat surrounding its ludicrous and contrived plot ,0
58910,very smart ,1
62100,'' is a big time stinker . ,0
42994,"in a summer of clones , harvard man is something rare and riveting : a wild ride that relies on more than special effects . ",1
4905,"is well crafted , and well executed ",1
38899,"... an incredibly heavy-handed , manipulative dud that feels all too familiar . ",0
42825,a fair amount of b-movie excitement ,1
52448,"a different and emotionally reserved type of survival story -- a film less about refracting all of world war ii through the specific conditions of one man , and more about that man lost in its midst . ",1
45222,does n't offer much in terms of plot or acting ,0
52506,"... the good and different idea ( of middle-aged romance ) is not handled well and , except for the fine star performances , there is little else to recommend `` never again . '' ",0
7339,"'s so tedious that it makes you forgive every fake , dishonest , entertaining and , ultimately , more perceptive moment in bridget jones 's diary . ",0
57646,continues her exploration of the outer limits of raunch with considerable brio ,1
19598,how first-time director kevin donovan managed to find something new to add to the canon of chan ,1
49607,"from its promenade of barely clad bodies in myrtle beach , s.c. , to the adrenaline jolt of a sudden lunch rush at the diner ",1
20745,simple and innocent ,1
24132,a fan of the genre ,1
63132,it magic ,1
32466,", energetic and sweetly whimsical ",1
44380,a bore ,0
17321,fascinating portrait ,1
42918,"even when there are lulls , the emotions seem authentic ",1
6332,noir veil ,0
48501,neil burger here succeeded in ... making the mystery of four decades back the springboard for a more immediate mystery in the present ,1
24176,"you expect of de palma , but what makes it transporting is that it 's also one of the smartest ",1
50060,continues to do interesting work ,1
5970,"the following things are not at all entertaining : the bad sound , the lack of climax and , worst of all , watching seinfeld ( who is also one of the film 's producers ) do everything he can to look like a good guy ",0
12203,only seems to care about the bottom line ,0
42801,spielberg presents a fascinating but flawed look at the near future . ,1
30123,light nor magical enough to bring off this kind of whimsy ,0
23973,out-to-change-the-world ,1
4376,"laughably , irredeemably awful . ",0
9309,"as those monologues stretch on and on , you realize there 's no place for this story to go but down ",0
55406,sits there like a side dish no one ordered ,0
64379,that this noble warlord would be consigned to the dustbin of history ,0
4954,"a beautiful food entrée that is n't heated properly , so that it ends up a bit cold and relatively flavorless ",0
8238,it does because ( the leads ) are such a companionable couple ,1
57055,a fascinating case study of flower-power liberation -- and the price that was paid for it . ,1
60578,a halfwit plot ,0
55649,silences ,0
10286,she 's a pretty woman ,1
56938,its awkward structure ,0
34266,strongly reminiscent ,0
64270,a feel-good movie can still show real heart ,1
7580,these jokers are supposed to have pulled off four similar kidnappings before ,0
10537,"in old-fashioned screenwriting parlance , ms. shreve 's novel proved too difficult a text to ` lick , ' despite the efforts of a first-rate cast . ",0
6369,a mawkish self-parody ,0
4685,is n't an ounce of honest poetry in his entire script ,0
58744,"bad , bad movie ",0
39460,", illuminating study ",1
19200,"bluer than the atlantic and more biologically detailed than an autopsy , the movie ",1
9264,wholesome and ,1
7261,sade achieves the near-impossible : it turns the marquis de sade into a dullard ,0
21669,it wears out its welcome as tryingly as the title character . ,0
25517,is charming ,1
36792,'s most memorable about circuit ,1
42541,surrounding us ,1
58476,humdrum ,0
7285,", if disingenuous , ",0
62041,an old-fashioned but emotionally stirring adventure tale ,1
61430,lead performances ,1
25355,"love , communal discord , ",1
42597,doubt it ,0
58139,be based on a true and historically significant story ,1
56972,"shows crushingly little curiosity about , ",0
11383,"is great fun , full of the kind of energy it 's documenting . ",1
59013,with but they 're simply not funny performers ,0
38224,if considerably less ambitious ,0
34902,and mordantly humorous ,1
32835,coal is n't as easy to come by as it used to be and this would be a worthy substitute for naughty children 's stockings ,0
45169,the script has less spice than a rat burger ,0
5321,"a particularly slanted , gay s/m fantasy ",0
37388,`` 13 conversations about one thing '' is an intelligent flick that examines many different ideas from happiness to guilt in an intriguing bit of storytelling . ,1
23784,"the last kiss will probably never achieve the popularity of my big fat greek wedding , but ",0
24191,the most blithe exchanges gives the film its lingering tug ,1
14867,applies more detail to the film 's music than to the story line ,0
63026,"sandra bullock and hugh grant make a great team , but this predictable romantic comedy should get a pink slip . ",0
15525,"completely honest , open-hearted film ",1
15605,invulnerable as its trademark villain ,1
1413,the first bond movie in ages that is n't fake fun ,1
33666,lucy liu never comes together ,0
54536,truly deserving of its oscar nomination ,1
53814,"surprising highs , ",1
54066,"like the best 60 minutes exposé , the film ( at 80 minutes ) is actually quite entertaining . ",1
58940,the film 's thoroughly recycled plot and tiresome jokes ,0
61738,"that somehow manages to bring together kevin pollak , former wrestler chyna and dolly parton ",0
57634,live happily ever after ,1
44062,nobody in the viewing audience cares ,0
25178,"'s a familiar story , but one that is presented with great sympathy and intelligence . ",1
54283,'s hardly over before it begins to fade from memory ,0
59556,"have been allowed to use the word `` new '' in its title , because there 's not an original character , siuation or joke in the entire movie ",0
7856,it almost loses what made you love it ,0
2109,godfrey reggio 's career shines like a lonely beacon . ,1
63525,a british cast ,1
14513,"could have yielded such a flat , plodding picture ",0
3496,satisfyingly unsettling ride ,1
3238,"it 's kind of insulting , both to men and women . ",0
48204,is still good fun . ,1
28770,a retread of material already thoroughly plumbed by martin scorsese . ,0
46307,a non-stop funny feast ,1
3930,make a delightful comedy centering on food ,1
24659,keep you engaged ,1
23260,shabby digital photography ,0
47201,most jaded ,1
22599,moulin rouge ,1
31706,uninspired story ,0
2321,kid-empowerment ,1
21441,endeavors ,1
4272,purports ,1
16503,of quirkily appealing minor movie she might not make for a while ,1
50564,better film ,1
46410,due to its rapid-fire delivery and enough inspired ,1
37141,"as an emotionally accessible , almost mystical work ",1
30443,"loud , violent and mindless ",0
65966,as rogue cia assassins working for chris cooper 's agency boss close in on the resourceful amnesiac ,1
61523,into an urban hades ,0
4957,movie rapes ,0
63664,to have been modeled on the worst revenge-of-the-nerds clichés the filmmakers could dredge up ,0
61655,is more engaging than the usual fantasies hollywood produces . ,1
24586,made swimfan anyway ,1
17027,a besotted and obvious drama that tells us nothing new ,0
8287,in insignificance ,0
48328,too much like a fragment of an underdone potato ,0
56775,the viewers will feel they suffer the same fate ,0
3169,dissing the film that they did n't mind the ticket cost ,0
53601,surefire casting ,1
50851,about schmidt belongs to nicholson . ,1
6655,the biggest disappointments ,0
66192,"its agenda to deliver awe-inspiring , at times sublime , visuals ",1
37279,uplifter ,1
2994,it 's a masterpeice . ,1
50846,could n't stand to hear ,0
54824,"irksome , tiresome nature ",0
53592,in amazement over the fact ,1
16547,limited and so embellished by editing that there 's really not much of a sense of action or even action-comedy ,0
23019,funny ( sometimes hilarious ) comedy ,1
64329,"by no means a slam-dunk and sure to ultimately disappoint the action fans who will be moved to the edge of their seats by the dynamic first act , it still comes off as a touching , transcendent love story . ",0
49588,an acting bond ,1
45445,make creative contributions to the story and dialogue ,1
59146,tongue-in-cheek preposterousness has always been part of for the most part wilde 's droll whimsy helps `` being earnest '' overcome its weaknesses and parker 's creative interference ... ,1
66466,"jeong-hyang lee 's film is deceptively simple , deeply satisfying . ",1
21404,"is one big , dumb action movie ",0
23851,could be any flatter ,0
24808,grisly ,0
59709,getting there is not even half the interest . ,0
8415,at times a bit melodramatic and even a little dated ( depending upon where you live ) ,0
13738,'s also nice ,1
11968,padded . ,0
43939,modern master ,1
39222,"a far bigger , far more meaningful story than one ",1
47563,"slow , predictable ",0
31122,it 's more than a worthwhile effort ,1
61772,a terrible story ,0
1256,"remarkably fuddled about motives and context , which drains it of the dramatic substance that would shake us in our boots ( or cinema seats ) ",0
4169,"me no lika da accents so good , but i thoroughly enjoyed the love story ",1
2781,is honestly ,1
49270,subtly kinky bedside vigils and ,1
64816,clueless ,0
18651,realize there 's no place for this story to go but down ,0
42507,feel good about ,1
40339,rewarding ,1
37735,of pre-9 / 11 new york and onto a cross-country road trip of the homeric kind ,1
19033,anteing up some movie star charisma ,1
26191,their consistently sensitive and often exciting treatment of an ignored people ,1
29213,hellish ,0
23266,a technical triumph and ,1
41994,a nagging sense ,0
2820,it is not worth ,0
59174,"be low , very low , very very low , ",0
40880,be a breath of fresh air ,1
11133,torments and angst ,0
28850,succeed at cheapening it ,0
50134,got the wildly popular vin diesel in the equation ,1
17863,the unique way shainberg ,1
43967,its emphasis on caring for animals and respecting other cultures is particularly welcome ,1
59221,", you might imagine that most every aggrieved father cliché has been unturned . ",0
66675,perfectly creepy and believable ,1
59406,takes a fresh and absorbing look ,1
63683,crudup 's anchoring performance ,1
30121,can be made on the cheap ,0
14411,"is a paper bag to wear over his head when he goes out into public , to avoid being recognized as the man who bilked unsuspecting moviegoers ",0
1039,be surprised at the variety of tones in spielberg 's work ,1
38370,occasionally fun ,1
57991,whose restatement is validated by the changing composition of the nation ,1
41978,a riot-control projectile or my own tortured psyche ,0
45190,in a summer of clones ,0
4961,creates a fluid and mesmerizing sequence of images to match the words of nijinsky 's diaries ,1
45578,again and quite cheered at just that ,1
65780,is just generally insulting ,0
42488,'s not very interesting ,0
11045,of the best special effects ,1
61856,balance all the formulaic equations in the long-winded heist comedy ,0
14785,"to the core of what it actually means to face your fears , to be a girl in a world of boys ",1
21793,to the fore for the gifted but no-nonsense human beings they are and for the still-inestimable contribution they have made to our shared history ,1
17900,the problem with the film ,0
48219,adrien brody -- in the title role -- helps make the film 's conclusion powerful and satisfying ,1
12433,this tuxedo ... should have been sent back to the tailor for some major alterations . ,0
31457,greatly impressed by the skill of the actors involved in the enterprise ,1
24603,a young robert deniro ,1
59903,pulls off enough ,1
15283,", pointless , stupid ",0
17201,to blow it ,0
22121,interesting topic ,1
7412,"the punch lines that miss , unfortunately , outnumber the hits by three-to-one . ",0
31976,the party favors to sober us up with the transparent attempts at moralizing ,0
41265,"a stirring , funny and finally transporting re-imagining of beauty and the beast and 1930s horror films ",1
52715,"would be an unendurable viewing experience for this ultra-provincial new yorker if 26-year-old reese witherspoon were not on hand to inject her pure fantasy character , melanie carmichael , with a massive infusion of old-fashioned hollywood magic . ",1
51284,"its subject matter is too calm and thoughtful for agitprop , and the thinness of its characterizations makes it a failure as straight drama . ' ",0
49443,the wildly popular vin diesel in the equation ,1
26503,have completely forgotten the movie by the time you get back to your car in the parking lot ,0
35854,have a case of masochism and an hour and a half to blow ,0
48903,thoroughly enjoyable ,1
10478,vile enough ,0
48479,", byler reveals the ways in which a sultry evening or a beer-fueled afternoon in the sun can inspire even the most retiring heart to venture forth . ",1
62825,you 're on the edge of your seat ,1
48247,stylish tracking shots ,1
23224,vibrance ,1
33394,", flat drama ",0
58928,issues ' ,0
46313,banged their brains into the ground so frequently ,0
8031,ever reaching the comic heights it obviously desired ,0
40917,", eight crazy nights is a total misfire . ",0
47108,is a movie that refreshes the mind and spirit along with the body ,1
2490,luridly graphic and ,0
44968,a fragmented film ,0
44959,the right thing ,1
28162,"is worth a look for its true-to-life characters , its sensitive acting , its unadorned view of rural life and the subtle direction of first-timer hilary birmingham ",1
50242,"the misery of these people becomes just another voyeuristic spectacle , to be consumed and forgotten . ",0
3759,is where ararat went astray . ,0
62298,standard formula ,0
24572,"hailed as a clever exercise in neo-hitchcockianism , this clever and very satisfying picture is more accurately chabrolian . ",1
23078,", director/co-writer jacques audiard , though little known in this country , belongs in the very top rank of french filmmakers ",1
61311,"'s as rude and profane as ever , always hilarious and , most of the time , absolutely right in her stinging social observations . ",1
28119,this poor remake of such a well loved classic ,0
9063,to adopt as a generational signpost ,1
36551,", daydreams , memories and one fantastic visual trope ",1
34339,hard to like a film so cold and dead ,0
6593,"even if you do n't know the band or the album 's songs by heart , you will enjoy seeing how both evolve , and you will also learn a good deal about the state of the music business in the 21st century . ",1
64614,"single-handedly turned a plane full of hard-bitten , cynical journalists into what was essentially , by campaign 's end , an extended publicity department ",1
45786,", imaginative ",1
14327,"does too much meandering , norton has to recite bland police procedural details , fiennes wanders around in an attempt to seem weird and distanced , hopkins looks like a drag queen . ",0
36001,a must-see for fans of thoughtful war films and those interested in the sights and sounds of battle . ,1
2311,nothing of the audience other than to sit back and enjoy a couple of great actors hamming it up ,1
31093,may as well be called `` jar-jar binks : the movie ,0
65884,threw medical equipment at a window ; not because it was particularly funny ,0
53721,be white-knuckled and unable to look away ,1
45994,twinkly-eyed ,1
39514,a battle of witlessness between a not-so-bright mother and daughter and an even less capable trio of criminals ,0
28713,the problematic characters ,0
11505,an unsuccessful attempt at a movie of ideas ,0
56627,"take any 12-year-old boy to see this picture , and he 'll be your slave for a year . ",1
13876,appear foolish and shallow ,0
36789,tells this very compelling tale with little fuss or noise ,1
23162,is only so much baked cardboard i need to chew ,0
40639,is grossly contradictory in conveying its social message ,0
35659,a word of advice to the makers of the singles ward : celebrity cameos do not automatically equal laughs . ,0
8322,"with a large cast representing a broad cross-section , tavernier 's film bounds along with the rat-a-tat energy of `` his girl friday , '' maintaining a light touch while tackling serious themes . ",1
64668,a liability ,0
5467,of that delicate canon ,1
7351,some serious soul ,1
67316,", another gross-out college comedy -- ugh . ",0
41811,the rare directors who feels acting is the heart and soul of cinema ,1
27836,the dry humor that first made audiences on both sides of the atlantic love him ,1
30793,"he took three minutes of dialogue , 30 seconds of plot and turned them into a 90-minute movie that feels five hours long . ",0
13865,"sweet , genuine ",1
37498,brown sugar '' admirably aspires to be more than another `` best man '' clone by weaving a theme throughout this funny film . ,1
37346,is clever and insightful ,1
58872,energetic and always surprising performance ,1
8099,gleefully ,1
50504,"thanks in part to interesting cinematic devices ( cool visual backmasking ) , a solid cast , and some wickedly sick and twisted humor ",1
3665,to the experience ,1
20833,"a paunchy midsection , several plodding action sequences and a wickedly undramatic central theme ",0
5065,assaults on america 's knee-jerk moral sanctimony ,0
4183,marvelous series ,1
6477,'' will leave you wanting to abandon the theater . ,0
46658,terrific b movie ,1
64718,too clumsy in key moments ,0
42268,in the tries-so-hard-to-be-cool `` clockstoppers ,0
51137,an enjoyable film in its own right ,1
47440,"stereotypes in good fun , ",1
19632,is as visceral as a gut punch ,1
9635,that collect a bunch of people who are enthusiastic about something and then ,1
67076,mr. koshashvili is a director to watch . ,1
15344,forget about one oscar nomination for julianne moore this year - she should get all five . ,1
63111,"you come away thinking not only that kate is n't very bright , but that she has n't been worth caring about and that maybe she , janine and molly -- an all-woman dysfunctional family -- deserve one another . ",0
40865,after a while ,0
48180,'re drawn in by the dark luster ,1
3211,with remarkable serenity and discipline ,1
12979,crafted but ultimately hollow mockumentary . ,0
55070,it is n't that funny ,0
54927,as one of the great submarine stories ,1
37039,soul-searching ,1
3237,be viewed and treasured for its extraordinary intelligence and originality as well as ,1
38137,` red shoe diaries ,1
29619,to champion the fallibility of the human heart ,1
2224,'s something to be said for a studio-produced film that never bothers to hand viewers a suitcase full of easy answers . ,1
63065,"miyazaki 's nonstop images are so stunning , ",1
25429,a sharp script ,1
45594,of an ordeal than an amusement ,0
46013,become expert fighters ,1
41042,'s unlikely we 'll see a better thriller this year . ,1
50072,"populated by whiny , pathetic , starving and untalented artistes ",0
21490,a movie that will make you laugh ,1
42557,one of those reputedly `` unfilmable '' novels that has bucked the odds to emerge as an exquisite motion picture in its own right ,1
38848,"length , awash in self-consciously flashy camera effects , droning house music and flat , flat dialogue ",0
35108,the redeeming feature of chan 's films has always been the action ,1
1372,descends into such message-mongering moralism ,0
34540,gets the tone just right -- funny in the middle of sad in the middle of hopeful ,1
11201,realizes a fullness that does not negate the subject ,1
33690,a tawdry b-movie scum ,0
18913,"is a shaky , uncertain film that nevertheless touches a few raw nerves ",0
5841,"approaches his difficult , endless work with remarkable serenity and discipline . ",1
62389,of ` should have been a sketch on saturday night live ,0
19114,"of a callow rich boy who is forced to choose between his beautiful , self-satisfied 22-year-old girlfriend and an equally beautiful , self-satisfied 18-year-old mistress ",1
49692,captivating and ,1
63432,an irresistible blend of warmth and humor ,1
41863,that loses sight of its own story ,0
17449,i was expecting ,0
29323,"succeeds as an emotionally accessible , almost mystical work ",1
47197,"it 's tough to watch , but it 's a fantastic movie ",1
31111,"not about scares but a mood in which an ominous , pervasive , and unknown threat lurks just below the proceedings and adds an almost constant mindset of suspense . ",1
26915,scream ,0
17761,a nation whose songs spring directly from the lives of the people ,1
31186,"the journey to the secret 's eventual discovery is a separate adventure , and thrill enough . ",1
50204,"starts promisingly but disintegrates into a dreary , humorless soap opera . ",0
20021,characters drop their pants for laughs and not the last time ,1
59851,as such the film has a difficult time shaking its blair witch project real-time roots ,0
2856,is as deep as a petri dish and as well-characterized ,0
64680,a fine-looking film with a bouncy score and ,1
34372,that omnibus tradition called marriage ,0
1873,want my money back . ,0
22064,"taken as a whole , the tuxedo does n't add up to a whole lot . ",0
24435,"although god is great addresses interesting matters of identity and heritage , it 's hard to shake the feeling that it was intended to be a different kind of film . ",0
40857,stunningly ,1
10187,satisfies ,1
53976,"a delightfully dour , ",1
35184,more sheerly beautiful film ,1
1511,poignant and funny ,1
63937,imaginative filmmaking ,1
14388,illustrated by a winning family story . ,1
40771,of impossible disappearing/reappearing acts ,0
59731,a vh1 behind the music special that has something a little more special behind it : music that did n't sell many records but helped change a nation ,1
6161,"there are very , very good reasons for certain movies to be sealed in a jar and left on a remote shelf indefinitely . ",0
46532,change hackneyed concepts when it comes to dreaming up romantic comedies ,0
2543,seem to match the power of their surroundings ,1
22215,successful adaptation ,1
14892,romance ,1
39528,artful ,1
41854,tasteful to look at ,1
43941,is the film roman polanski may have been born to make ,1
25811,suffer the same fate ,0
31267,( assayas ' ) homage to the gallic ` tradition of quality ,1
42910,"the problem with the bread , my sweet ",0
30191,cinematic ,1
43001,dry the undead action flick formula ,0
20364,"mr. goyer 's loose , unaccountable direction ",0
7204,have a résumé loaded with credits like `` girl in bar # 3 ,0
22287,any less entertaining ,1
37170,an eloquent memorial ,1
54987,in the most blithe exchanges gives the film its lingering tug ,1
12422,made all too clear in this schlocky horror/action hybrid ,0
2449,exploitative and ,0
34533,from a consummate actor incapable of being boring ,1
15855,one of our best actors ,1
46952,"there , done that ... a thousand times already , and better ",0
18926,an old-fashioned drama of substance about a teacher ,1
31365,"the pacing is deadly , the narration helps little ",0
59632,"miyazaki 's nonstop images are so stunning , and his imagination so vivid ",1
40972,an ultra-loud blast ,1
53419,", cultivation and devotion ",1
17785,a bad sign ,0
52990,hypermasculine ,0
49449,"a fascinating curiosity piece -- fascinating , that is , for about ten minutes . ",0
46506,"the children of varying ages in my audience never coughed , fidgeted or romped up and down the aisles for bathroom breaks ",1
27847,"loses its fire midway , nearly flickering out by its perfunctory conclusion ",0
13425,i killed my father compelling ,1
31780,shockingly bad and absolutely unnecessary ,0
33842,makes an amazing breakthrough in her first starring role and eats up the screen ,1
39695,funny and human and ,1
23073,jack o ' ,1
38975,genuine dramatic impact ,1
25022,going nowhere fast ,0
33918,"seems to have cared much about any aspect of it , from its cheesy screenplay to the grayish quality of its lighting to its last-minute , haphazard theatrical release ",0
38728,making `` die another day '' one of the most entertaining bonds in years ,1
408,and in the best way ,1
49346,"of america , history and the awkwardness of human life ",1
43142,respects the material without sentimentalizing it ,1
28425,soars every bit as high ,1
55241,protagonists ,1
36475,daft by half ... but supremely good natured . ,1
39813,is awesome ,1
5876,impudent ,0
28492,interesting both as a historical study and as a tragic love story ,1
47775,the film sits with square conviction and touching good sense on the experience of its women ,1
27202,country ,1
24167,"... a movie that , quite simply , should n't have been made . ",0
32465,tsai has a well-deserved reputation as one of the cinema world 's great visual stylists ,1
36079,"this humbling little film , ",1
57542,unassuming ,0
47812,"a trenchant , ironic cultural satire instead of a frustrating misfire ",1
3181,"'' is one of those crass , contrived sequels that not only fails on its own , but makes you second-guess your affection for the original . ",0
54728,"morality , family ",1
18666,will ever be anything more than losers ,0
61695,morally bankrupt ,0
34542,", the film never recovers from the clumsy cliché of the ugly american abroad , and the too-frosty exterior ms. paltrow employs to authenticate her british persona is another liability . ",0
28246,this is a fudged opportunity of gigantic proportions -- a lunar mission with no signs of life . ,0
19143,the sentimental oh-those-wacky-brits genre that was ushered in by the full monty and is still straining to produce another smash ,0
35082,the charismatic jackie chan to even younger audiences ,1
9648,its characters and communicates something ,1
6641,not engaging ,0
49660,such enervating determination ,1
1211,as if by cattle prod ,0
59055,of a particularly nightmarish fairytale ,0
43757,two ideas ,1
49039,great marching bands ,1
17469,try too hard to be mythic ,0
51086,"self-hating , self-destructive ways ",0
23286,is more fully ,1
55182,would have saved this film a world of hurt . ,0
28232,forced to watch him try out so many complicated facial expressions ,0
66171,a monster ,0
26002,not a good movie ,0
58981,a rip-off of the matrix ,0
56121,"this movie may not have the highest production values you 've ever seen , ",0
32130,is reliable ,1
54528,their largest-ever historical canvas ,1
18465,"in telling the story , which is paper-thin and decidedly unoriginal ",0
15044,"maybe not a classic , but a movie the kids will want to see over and over again . ",1
16209,an often intense character study about fathers ,1
34696,overuse ,0
66940,the perfect material ,1
23163,", it 's a film that affirms the nourishing aspects of love and companionship . ",1
53997,characters that bring the routine day to day struggles of the working class to life ,1
27504,"like shiner 's organizing of the big fight , pulls off enough ",1
9904,the artificial structure ,0
8236,in practically every facet of inept filmmaking ,0
24687,often play like a milquetoast movie of the week blown up for the big screen ,0
31082,humor and heart and ,1
37687,the rich performances ,1
51290,"uncomfortably timely , relevant ",1
5282,the execution ,0
37973,endear itself to american art house audiences ,1
14802,who die hideously ,0
49100,expressing the way many of us live -- someplace between consuming self-absorption and insistently demanding otherness ,0
15495,lacks balance ... and fails to put the struggle into meaningful historical context ,0
4073,adams just copies from various sources -- ,0
10346,"nothing happens , ",0
43679,are very expressive ,1
2615,overrun by corrupt and hedonistic weasels ,0
38641,'s most weirdly engaging and unpredictable character pieces ,1
17566,monte cristo smartly emphasizes the well-wrought story and omits needless chase scenes and swordfights as the revenge unfolds . ,1
63941,an acidic all-male all about eve ,0
56491,"little action , almost no suspense or believable tension , one-dimensional characters up the wazoo and sets that ",0
5162,"there 's no excuse for following up a delightful , well-crafted family film with a computer-generated cold fish . ",0
29507,quite admirable ,1
12717,bargain-basement ,0
8342,"swear that you 've seen it all before , even if you 've never come within a mile of the longest yard ",0
61564,and thought-provoking film ,1
63399,"despite a fairly slow paced , almost humdrum approach to character development , still manages at least a decent attempt at meaningful cinema ",1
5622,"can never escape the heart of the boy when the right movie comes along , especially if it begins with the name of star wars ",1
44060,spends a bit too much time ,0
50268,devoid of wit and humor ,0
16419,are forced to reflect that its visual imagination is breathtaking ,1
34476,look so bad in a major movie ,0
51149,"hugely imaginative and successful casting to its great credit , as well as ",1
56382,"an overstylized , puréed mélange ",0
44906,why i have given it a one-star rating ,0
18944,"in such a lousy way , complete with some of the year 's ( unintentionally ) funniest moments , that it 's impossible to care ",0
46880,", his secret life will leave you thinking ",1
23868,"confirms lynne ramsay as an important , original talent in international cinema ",1
46878,"though harris is affecting at times , he can not overcome the sense that pumpkin is a mere plot pawn for two directors with far less endearing disabilities . ",0
22186,deeply pessimistic ,0
61830,"is an exercise in chilling style , and twohy films the sub , inside and out , ",1
6964,this slender plot feels especially thin stretched over the nearly 80-minute running time . ,0
63148,barely register ,0
33733,"simple , sweet and romantic comedy ",1
29279,unable ,0
47220,truly distinctive and a deeply pertinent film ,1
59759,the capability of effecting change and inspiring hope ,1
14255,the rest is just an overexposed waste of film ,0
40750,suffering ,0
11650,", deceit and murder ",0
30122,barely realize your mind is being blown . ,1
17714,", a movie comes along to remind us of how very bad a motion picture can truly be . ",0
8586,"if the title is a jeopardy question , then the answer might be `` how does steven seagal come across these days ? '' ",0
62020,like i already mentioned ... it 's robert duvall ! ,1
36506,a wannabe comedy ,0
62537,make an appealing couple -- he 's understated and sardonic ,1
35448,"this movie is 90 minutes long , and ",0
20367,the most repugnant adaptation of a classic text since roland joffé and demi moore ,0
42077,"the humor , characterization , poignancy , and intelligence of a bad sitcom ",0
16459,the chateau has one very funny joke and a few other decent ones ,1
44064,wo n't still be tapping ,1
18860,"exhilarating , ",1
27288,"an energetic , violent movie with a momentum that never lets up . ",1
31053,a perfect family film ,1
66058,its sincere acting ,1
43894,the ideal casting ,1
25427,a snore ,0
65066,red dragon '' never cuts corners . ,1
514,fluid and mesmerizing ,1
6994,the mothman prophecies is best when illustrating the demons bedevilling the modern masculine journey . ,1
48004,to believe that anyone in his right mind would want to see the it ,0
29107,ii experience ,0
26801,of terrific ,1
20498,magic and whimsy ,1
23339,articulates ,1
39534,should be able to appreciate the wonderful cinematography and naturalistic acting ,1
3955,throughout a film that is both gripping and compelling ,1
62517,villains ,0
55679,"this is lightweight filmmaking , to be sure ",0
62,shot on ugly digital video ,0
9696,very well done ,1
66659,traps audiences in a series of relentlessly nasty situations that we would pay a considerable ransom not to be looking at . ,0
49586,of embarrassment ,0
35173,loosely connected characters and plots that never quite gel ,0
43633,the holocaust escape story ,1
59975,irritates and saddens me ,0
29024,that is actually funny without hitting below the belt ,1
59620,"has the screen presence to become a major-league leading lady , ( but ) ",1
40947,exercise in sham actor workshops and an affected malaise . ,0
21952,a surprisingly ` solid ' achievement by director malcolm d. lee and writer john ridley ,1
29550,captured the chaos of an urban conflagration ,1
54910,salma hayek has a feel for the character at all stages of her life ,1
37276,", this somber cop drama ultimately feels as flat as the scruffy sands of its titular community . ",0
10102,a sun-drenched masterpiece ,1
7704,a certain ambition ,1
46783,the land ,1
43828,detailed ,1
30985,for its story of actorly existential despair than for its boundary-hopping formal innovations and glimpse into another kind of chinese ,1
24875,relentlessly depressing ,0
2522,ingenious fun ,1
36857,'s a bargain-basement european pickup . ,0
1590,commercialism all in the same movie ... without neglecting character development for even one minute ,1
33095,creeps into your heart ,1
35361,"the first tunisian film i have ever seen , and it 's also probably the most good-hearted yet sensual entertainment i 'm likely to see all year . ",1
14236,"with a story that tries to grab us , only to keep letting go at all the wrong moments ",0
6260,"a first-class road movie that proves you can run away from home , but your ego ",1
38135,a clever pseudo-bio that manages to have a good time as it doles out pieces of the famous director 's life ,1
3530,watchable by a bravura performance ,1
27109,"from bill plympton , the animation master , ",1
55750,hard to believe that a life like this can sound so dull ,0
28678,"when the bullets start to fly , your first instinct is to duck ",1
54955,transforms that reality into a lyrical and celebratory vision ,1
53532,"sloppy , amusing ",1
59026,start reading your scripts before signing that dotted line ,0
36531,take credit for most of the movie 's success ,1
30979,the amazing film work ,1
33695,"a case of two actors who do everything humanly possible to create characters who are sweet and believable , and are defeated by a screenplay that forces them into bizarre , implausible behavior ",0
9164,stuttering editing and pompous references to wittgenstein and kirkegaard ,0
23143,fincher takes no apparent joy in making movies ,0
28373,distance it from the pack of paint-by-number romantic comedies ,1
22504,it 's not really funny ,0
54303,from each film ,1
49207,to overcome the cultural moat surrounding its ludicrous and contrived plot ,0
52412,no apparent reason except ,0
8723,"intelligent , well-made b movie ",1
23519,take ( its ) earnest errors and hard-won rewards over the bombastic self-glorification of other feel-good fiascos like antwone fisher or the emperor 's club any time ,1
57644,", wistful new film ",1
1952,sitting open too long ,0
22224,we 're left thinking the only reason to make the movie is because present standards allow for plenty of nudity ,0
13896,"it 's coherent , well shot , and tartly acted ",1
7752,to say about the ways in which extravagant chance can distort our perspective and throw us off the path of good sense ,1
21303,a very ambitious project for a fairly inexperienced filmmaker ,1
43367,demonstrates just how far his storytelling skills have eroded . ,0
57254,liking showgirls ,1
65763,"jumble that 's not scary , not smart and not engaging ",0
1883,"aims to be funny , uplifting and moving , sometimes ",1
18531,self-flagellation is more depressing than entertaining . ,0
14697,", the film amounts to being lectured to by tech-geeks , if you 're up for that sort of thing . ",0
14107,cinematic experience ,1
41556,"fans of plympton 's shorts may marginally enjoy the film , ",1
31573,"the whole affair , true story or not , feels incredibly hokey ... ( it ) comes off like a hallmark commercial . ",0
18800,if you 're going to subjugate truth to the tear-jerking demands of soap opera ,0
58690,", what a thrill ride ",1
52544,laugh ,1
52612,might not have noticed ,0
8491,the heroes of horror movies try to avoid ,0
36142,enjoy a couple of great actors hamming it up ,1
43004,"yes , i have given this movie a rating of zero . ",0
26591,one look at a girl in tight pants and big tits and you turn stupid ,0
2367,was n't one of the film 's virtues . ,0
63447,how tedious ,0
6448,climactic ,1
49867,"none of this sounds promising and , ",0
31574,a terrible adaptation ,0
38417,the thought of watching this film with an audience full of teenagers fixating on its body humor and reinforcement of stereotypes ( of which they 'll get plenty ) fills me with revulsion . ,0
14933,"avoids all the comic possibilities of its situation , and ",0
752,an absolute delight for all audiences ,1
53358,comes together as a coherent whole . ,1
15508,a film that hews out a world and carries us effortlessly from darkness to light ,1
39610,"its metaphors are opaque enough to avoid didacticism , and ",1
45176,"however , it 's invaluable ",1
45863,with a core of decency ,1
42436,a dash of the avant-garde fused with their humor ,1
60428,will have fun with ,1
66103,so lovely toward the end ,1
6967,fails to portray its literarily talented and notorious subject as anything much more than a dirty old man . ,0
54341,we really have n't had a good cheesy b-movie playing in theaters since ... well ... since last week 's reign of fire ,0
38747,best brush ,1
3804,edits ,1
24667,see it twice ,1
3335,the high-buffed gloss and high-octane jolts ,1
40894,hitchcockian suspense ,1
7219,captivating ,1
33527,does display an original talent ,1
58891,grandeur ' shots ,1
7449,have made it an exhilarating ,1
65047,"an engaging storyline , which also is n't embarrassed to make you reach for the tissues ",1
3251,their bodies ,1
55488,a genuinely moving and wisely unsentimental drama . ,1
53072,"it may not be particularly innovative , ",0
10210,two not very absorbing characters ,0
57711,"please not only the fanatical adherents on either side , but also people who know nothing about the subject ",1
44110,are too cute ,1
63198,", this sad , occasionally horrifying but often inspiring film is among wiseman 's warmest . ",1
52012,it 's not a motion picture ; ,0
45271,enough quirky and satirical touches ,1
12331,the road to perdition leads to a satisfying destination ,1
3205,the film does pack some serious suspense . ,1
52466,"unspeakably , unbearably dull , featuring reams of flatly delivered dialogue and a heroine who comes across as both shallow and dim-witted . ",0
40470,cop flick cliches ,0
8030,manages to embody the worst excesses of nouvelle vague without any of its sense of fun or energy . ,0
2204,deliver a riveting and surprisingly romantic ride ,1
41828,of good acting ,1
28228,that was inexplicably rushed to the megaplexes before its time ,0
40276,beguiling freshness ,1
1627,"of those crass , contrived sequels that not only fails on its own , but makes you second-guess your affection for the original ",0
1911,the smarter offerings ,1
18523,peculiarly ,0
6985,it 's refreshing to see a movie that embraces its old-fashioned themes and in the process comes out looking like something wholly original . ,1
6608,"follow the same blueprint from hundreds of other films , sell it to the highest bidder and walk away without anyone truly knowing your identity ",0
37486,an intriguing bit of storytelling ,1
39701,epic treatment ,1
57229,emotionally and narratively complex filmmaking ,1
18482,provide much more insight than the inside column of a torn book jacket ,0
64039,tiresome cliché ,0
36421,the right to be favorably compared to das boot ,1
38418,redolent ,0
12074,somewhere inside the mess that is world traveler ,0
56655,"loud , low-budget and tired formula film ",0
61788,"beautifully crafted and brutally honest , promises offers an unexpected window into the complexities of the middle east struggle and into the humanity of its people . ",1
62210,her inventive director ,1
18885,it appears not to have been edited at all ,0
10818,"because , unlike so many other hollywood movies of its ilk , it offers hope ",1
600,hip hop beat ,1
35565,"a compassionate , moving portrait of an american ( and an america ) always reaching for something just outside his grasp . ",1
36824,"not even solondz 's thirst for controversy , sketchy characters and immature provocations can fully succeed at cheapening it . ",0
5565,a major director ,1
20355,"retread , hobbled by half-baked setups and sluggish pacing ",0
35909,not quite ,0
31126,"this has layered , well-developed characters and some surprises . ",1
57273,yeah ,1
19948,", the sum of all fears generates little narrative momentum , and invites unflattering comparisons to other installments in the ryan series . ",0
6580,begging for attention ,0
570,see how many times they can work the words `` radical '' or `` suck '' into a sentence ,0
35119,"the film 's messages of tolerance and diversity are n't particularly original , but one ca n't help but be drawn in by the sympathetic characters ",1
39694,seems endless . ,0
40433,crime ,0
43054,"if you are curious to see the darker side of what 's going on with young tv actors ( dawson leery did what ?!? ) , or see some interesting storytelling devices , you might want to check it out , but there 's nothing very attractive about this movie ",0
33267,"a fiercely clever and subtle film , ",1
63413,trotting out threadbare standbys ,0
18935,lacks juice and delight ,0
11740,is dreary and sluggish . ,0
1155,are relegated to the background -- a welcome step forward from the sally jesse raphael atmosphere of films like philadelphia and american beauty . ,1
53008,satisfying summer ,1
11924,it gets so preachy-keen and so tub-thumpingly loud it makes you feel like a chump ,0
26753,to be oblivious to the existence of this film would be very sweet indeed . ,0
26386,an impenetrable and insufferable ball of pseudo-philosophic twaddle ,0
36493,one of the most gloriously unsubtle and adrenalized extreme shockers since the evil dead . ,1
62256,"other words , about as bad a film ",0
60612,"'s a piece of handiwork that shows its indie tatters and self-conscious seams in places , but has some quietly moving moments and an intelligent subtlety ",1
40742,implodes ,0
5385,", history , memory , resistance and artistic transcendence ",1
19915,pure venality -- ,0
28489,"this is rote spookiness , with nary an original idea ( or role , or edit , or score , or anything , really ) in sight , and ",0
63171,uncomfortable ,0
22560,it feels much longer ,0
67244,two central performances ,1
63440,feel good ,1
13676,that illustrates why the whole is so often less than the sum of its parts in today 's hollywood ,0
28637,"is smart writing , skewed characters , and the title performance by kieran culkin . ",1
12760,"the work of an exhausted , desiccated talent who ca n't get out of his own way ",0
4002,is enticing ,1
31838,"works smoothly under the direction of spielberg , who does a convincing impersonation here of a director enjoying himself immensely ",1
66329,damned wonderful ,1
21323,transcend ,1
47384,"than home alone raised to a new , self-deprecating level ",0
14357,"art-house to the core , read my lips is a genre-curling crime story that revives the free-wheeling noir spirit of old french cinema . ",1
55286,'ll find in this dreary mess . ,0
20713,gets under our skin and draws us in long ,1
59269,", a routine crime thriller remarkable only for its lack of logic and misuse of two fine actors , morgan freeman and ashley judd . ",0
61712,skip this turd and pick your nose instead because you 're sure to get more out of the latter experience . ,0
36783,laudable ,1
53287,suspect it might deliver again and again ,1
14438,what gives human nature its unique feel is kaufman 's script ,1
23393,"i stopped thinking about how good it all was , and started doing nothing but reacting to it - feeling a part of its grand locations , thinking urgently as the protagonists struggled , feeling at the mercy of its inventiveness , gasping at its visual delights . ",1
62876,"simple , sweet and romantic ",1
62625,", the acting is robotically italicized , ",0
58611,"is contrived , unmotivated , and psychologically unpersuasive , with an inconclusive ending . ",0
49034,"a canny crowd pleaser , and ",1
33329,which ones shtick ,0
29558,for no one ,0
14141,"not a film for the faint of heart or conservative of spirit , but for the rest of us -- especially san francisco lovers ",1
57573,'s not funny ,0
3452,"holm does his sly , intricate magic , ",1
32341,strip-mined the monty formula mercilessly since 1997 ,0
1643,the gorgeous locales and exceptional lead performances ,1
62419,"'s too loud , too goofy and too short of an attention span ",0
25187,i 'll settle for a nice cool glass of iced tea and ,1
24980,since it does n't take itself so deadly seriously ,1
30714,wendigo is a genuinely bone-chilling tale . ,1
16301,it 's not a brilliant piece of filmmaking ,0
56269,benefit ,1
7155,make a film in which someone has to be hired to portray richard dawson ,0
3416,could have used my two hours better watching being john malkovich again ,0
67103,"should attract upscale audiences hungry for quality and a nostalgic , twisty yarn that will keep them guessing ",1
40620,"the marvelous verdu , ",1
36966,-- and not in a good way ,0
44127,muting ,0
57506,equlibrium could pass for a thirteen-year-old 's book report on the totalitarian themes of 1984 and farenheit 451 . ,0
16776,disgusting to begin with ,0
45671,the worst movies ,0
24841,m. night shyamalan 's debut feature sucked up all he has to give to the mystic genres of cinema ,0
22738,to make their way through this tragedy ,0
3526,esteemed ,1
46020,"a lumbering , wheezy drag ",0
36206,"but though he only scratches the surface , at least he provides a strong itch to explore more . ",1
7392,been 13 months and 295 preview screenings ,1
14516,tortured and ,0
20155,to recycle images and characters that were already tired 10 years ago ,0
6943,demonstrate that his pathology evolved from human impulses that grew hideously twisted ,0
8473,is too much like a fragment of an underdone potato . ,0
30017,eventually the content is n't nearly as captivating as the rowdy participants think it is . ,0
49884,"trapped wo n't score points for political correctness , ",0
35123,is a failure ,0
58595,", carries a little too much ai n't - she-cute baggage into her lead role as a troubled and determined homicide cop to quite pull off the heavy stuff . ",0
10419,most original american productions ,1
66721,'d be hard put to find a movie character more unattractive or odorous ( than leon ) ,0
821,go see this delightful comedy . ,1
2221,the surprisingly somber conclusion ,1
12440,"holofcener 's film offers just enough insight to keep it from being simpleminded , and the ensemble cast is engaging enough to keep you from shifting in your chair too often ",1
45679,become a caricature -- not even with that radioactive hair ,0
43547,let crocodile hunter steve irwin do what he does best ,1
13628,does n't make much ,0
5801,a chilling movie without oppressive gore . ,1
35242,fun-seeking ,1
45381,as one of the most interesting writer/directors working today ,1
33322,that shoplifts shamelessly from farewell-to-innocence movies like the wanderers and a bronx tale without cribbing any of their intelligence ,0
45944,'s no real sense of suspense ,0
35402,one-star rating ,0
60707,griffiths ' warm and winning central performance ,1
44353,that is revelatory ,1
5982,breathtaking mystery ,1
58560,"pathetic acting , poorly dubbed dialogue and murky cinematography ",0
53101,pretty decent ,1
16649,"a baffling subplot involving smuggling drugs inside danish cows falls flat , and if you 're going to alter the bard 's ending , you 'd better have a good alternative ",0
34630,that woman 's doubts ,0
37792,casts attractive and talented actors ,1
34039,swept away '' is the one hour and thirty-three minutes ,1
44633,"sometimes murky , always brooding look ",0
50424,humanizing ,1
39258,affirms ,1
18453,unwary viewers ,0
14418,"into the script , which has a handful of smart jokes ",1
55609,handed down from the movie gods on a silver platter ,1
29652,"to the overcooked , ham-fisted direction , which has all the actors reaching for the back row ",0
30498,very dark and very funny ,1
35680,"'s not to like about a movie with a ` children 's ' song that includes the line ` my stepdad 's not mean , he 's just adjusting ' ",1
11219,a terrible movie ,0
55155,"there are n't too many films that can be as simultaneously funny , offbeat and heartwarming ( without a thick shmear of the goo , at least ) ",1
373,outrageously creative action ,1
27389,an appealing blend ,1
36686,with a zippy jazzy score ,1
18422,than to show us a good time ,1
11119,slather clearasil over the blemishes of youth ,0
21573,terrific performance ,1
54722,"courtroom movies , a few nifty twists that are so crucial to the genre and another first-rate performance by top-billed star bruce willis ",1
9900,"a touching , transcendent love story ",1
14794,an enjoyably ,1
32148,are well done and perfectly ,1
23011,"smart , provocative drama ",1
31147,"warmth , wit and interesting characters ",1
37327,", mad love looks better than it feels . ",0
46860,stunning technical achievement ,1
26782,"aims to be funny , uplifting and moving , sometimes all at once ",1
60724,suffers from the addition of a wholly unnecessary pre-credit sequence designed to give some of the characters a ` back story ,0
12401,"a skillfully assembled , highly polished and professional adaptation ... just about as chilling and unsettling as ` manhunter ' ",1
4236,performers who rarely work in movies now ,1
58171,"while the performances are often engaging , this loose collection of largely improvised numbers would probably have worked better as a one-hour tv documentary . ",0
48993,does an impressive job of relating the complicated history of the war and ,1
36462,leaves a lot to be desired . ,0
22263,"humorous and heartfelt , douglas mcgrath 's version of ` nicholas nickleby ' left me feeling refreshed and hopeful . ",1
15016,sex and lucia is so alluring ,1
66455,( fiji diver rusi vulakoro and the married couple howard and michelle hall ) show us the world they love and make ,1
26954,"the least bit ashamed in admitting that my enjoyment came at the expense of seeing justice served , even if it 's a dish that 's best served cold ",1
900,` realistic ' ,1
41324,awfully hard ,0
5810,it is an engaging and exciting narrative of man confronting the demons of his own fear and paranoia ,1
29698,- kids-cute sentimentality by a warmth that is n't faked and ,1
23481,proves it 's never too late to learn . ,1
16243,'s something to be said for a studio-produced film that never bothers to hand viewers a suitcase full of easy answers ,1
12131,rather frightening ,0
66057,"the town has kind of an authentic feel , but each one of these people stand out and everybody else is in the background and it just seems manufactured to me and artificial . ",0
2383,undistinguished rhythm ,0
7221,cardiac ,0
5957,in the media ,0
36181,feel free to go get popcorn whenever he 's not onscreen . ,0
57709,offers nothing more than a bait-and-switch that is beyond playing fair with the audience . ,0
19658,"an ambitiously naturalistic , albeit half-baked , drama about an abused , inner-city autistic teen . ",1
61178,is impressive . ,1
31931,hyper-realistic images ,1
17371,with love for the movies of the 1960s ,1
23075,'s secondary to american psycho but still has claws enough to get inside you and stay there for a couple of hours . ,1
37640,'s icky ,0
62183,", accessible to a chosen few , standoffish to everyone else , and smugly suggests a superior moral tone is more important than filmmaking skill ",0
53217,a fragment of an underdone potato ,0
17935,"the movie is amateurish , but it 's a minor treat . ",1
8658,the usual movie rah-rah ,0
59322,a must see for all sides of the political spectrum ,1
13299,her fans will assuredly have their funny bones tickled ,1
7334,the mystery of four decades back the springboard for a more immediate mystery in the present ,1
66988,"unusual , food-for-thought cinema ",1
12245,"'s a dull girl , that 's all . ",0
59459,rigor ,0
24292,that trademark grin of his -- so perfect for a ballplayer ,1
28296,", some things are immune to the folly of changing taste and attitude . ",0
37655,"contrived , nonsensical and formulaic ",0
28259,arty and jazzy ,1
50051,"hopefully , sets the tone for a summer of good stuff ",1
13677,", this is even better than the fellowship . ",1
33404,miyazaki is one of world cinema 's most wondrously gifted artists and storytellers . ,1
46974,it happens to flat characters ,0
48445,what it lacks in substance it makes up for in heart . ,1
35720,an uneven look into a grim future that does n't come close to the level of intelligence and visual splendor that can be seen in other films based on philip k. dick stories . ,0
61499,that most frightening of all movies ,1
12737,a uniquely sensual metaphorical dramatization of sexual obsession ,1
31224,a thin notion ,0
15442,a lot of stamina and vitality ,1
9756,all its effective moments ,1
16034,"an intelligent , multi-layered and profoundly humanist ( not to mention gently political ) meditation on the values of knowledge , education , and the affects of cultural and geographical displacement . ",1
53631,"daily struggles and simple pleasures usurp the preaching message so that , by the time the credits roll across the pat ending , a warm , fuzzy feeling prevails . ",1
66674,"remains a film about something , one that attempts and often achieves a level of connection and concern . ",1
15449,its ability to shock and amaze ,1
15023,woefully pretentious . ,0
64285,"if george romero had directed this movie , it would n't have taken the protagonists a full hour to determine that in order to kill a zombie you must shoot it in the head ",0
51100,give the transcendent performance ,1
54778,has directed not only one of the best gay love stories ever made ,1
4772,"originality ai n't on the menu , but there 's never a dull moment in the giant spider invasion comic chiller ",1
65572,"is pure , exciting moviemaking ",1
56922,"bland , surfacey ",0
54379,cliche ,0
61050,the last metro ) ,1
28203,the source material movie ,1
66450,a cult favorite ,1
63168,continues her exploration of the outer limits of raunch with considerable brio . ,1
37144,its excellent use of new york locales and sharp writing ,1
3627,hoffman 's performance is authentic to the core of his being . ,1
41015,does n't work as either ,0
13768,a screwed-up man who dared to mess with some powerful people ,0
43688,( tries ) ,1
61741,we never really get inside of them . ,0
19692,nincompoop benigni persona ,0
5316,exuberance and passion ,1
51553,"plodding , peevish and gimmicky ",0
8326,so much farcical ,0
13172,a stirring visual sequence like a surge through swirling rapids or a leap from pinnacle to pinnacle rouses us . ,1
22528,some like it hot on the hardwood proves once again that a man in drag is not in and of himself funny . ,0
32262,", surprising romance ",1
15094,"a sun-drenched masterpiece , part parlor game , part psychological case study , part droll social satire . ",1
12385,dumb and derivative horror ,0
10197,often achieves a level of connection and concern ,1
55603,loosely connected ,0
26975,tedious as the chatter of parrots raised on oprah ,0
38999,"faithful without being forceful , sad without being shrill , ",1
14706,wang xiaoshuai directs this intricately structured and well-realized drama that presents a fascinating glimpse of urban life and the class warfare that embroils two young men . ,1
3135,"to its last-minute , haphazard theatrical release ",0
29654,is authentic . ,1
16819,"speculation , conspiracy theories or , at best , circumstantial evidence ",0
3407,bravura performance ,1
6366,a staggeringly compelling character ,1
4084,"a young woman of great charm , generosity and diplomacy ",1
22340,will take longer to heal : the welt on johnny knoxville 's stomach from a riot-control projectile or my own tortured psyche ,0
63387,letting you share her one-room world for a while ,1
11620,yarns ever ,1
12511,'m left slightly disappointed that it did n't ,0
40011,comfort in familiarity ,1
63881,'s an ambitious film ,1
41252,believable ,1
32691,will be on video long before they grow up and you can wait till then ,0
18288,nothing else to watch ,1
59080,'s kind of sad that so many people put so much time and energy into this turkey . ,0
5426,", this could be a passable date film . ",1
12517,bad film you thought was going to be really awful ,0
36229,to be the movie 's most admirable quality ,1
55136,of clichés and a dim ,0
66656,"of college dorm rooms , a subtlety that makes the silly , over-the-top coda especially disappointing ",0
33661,may be surprised at the variety of tones in spielberg 's work . ,1
25973,"things that elevate `` glory '' above most of its ilk , ",1
30709,all the right ways ,1
46485,distasteful and downright creepy ,0
5486,it feels more like the pilot episode of a tv series than a feature film ,0
34937,did they deem it necessary to document all this emotional misery ? ,0
10105,a provocateur ,1
49453,"vibrant , colorful , semimusical ",1
16789,is so charmless and vacant ,0
5073,an indispensable peek at the art and the agony of making people ,1
16397,imaginatively ,1
28619,no worse a film ,0
39262,sparking debate and ,1
37813,is n't scary ,0
17414,unsympathetic hero ,0
29594,to the scuzzy underbelly of nyc 's drug scene ,0
13892,assured direction and complete lack of modern day irony ,1
9060,masters of both ,1
66791,scary and sad ,0
62173,brutally labored and unfunny hokum ,0
26684,enveloping sounds ,1
528,"directed with purpose and finesse by england 's roger mitchell , who handily makes the move from pleasing , relatively lightweight commercial fare such as notting hill to commercial fare with real thematic heft . ",1
19735,manages to string together enough charming moments to work ,1
13270,"over the years , hollywood has crafted a solid formula for successful animated movies , and ice age only improves on it , with terrific computer graphics , inventive action sequences and a droll sense of humor . ",1
20753,in the pantheon of the best of the swashbucklers ,1
26481,"spectacular in every sense of the word , even if you don ' t know an orc from a uruk-hai . ",1
40573,of this alleged psychological thriller in search of purpose or even a plot ,0
36904,exceptional honesty ,1
1274,the intoxicating fumes and emotional ghosts of a freshly painted rembrandt ,1
32626,"it 's nice to see piscopo again after all these years , and chaykin and headly are priceless ",1
59806,a stunningly unoriginal premise ,0
33069,viscerally repellent ,0
16059,form an acting bond that makes the banger sisters a fascinating character study with laughs to spare . ,1
23484,welcome relief ,1
62639,had much science ,1
15173,to understand what made allen 's romantic comedies so pertinent and enduring ,1
42654,enchantment ,1
37944,thoughtful movie ,1
6854,the choppy editing ,0
36695,"candy-coat with pat storylines , precious circumstances and beautiful stars ",1
15201,"the characters , cast in impossibly contrived situations ",0
34916,a delightful romantic comedy with plenty of bite . ,1
54656,fit all of pootie tang in between its punchlines ,0
55277,"there is no solace here , no entertainment value , merely a fierce lesson in where filmmaking can take us . ",0
40445,keep the story subtle and us in suspense ,1
58388,gap ,0
5112,are head and shoulders above much of the director 's previous popcorn work . ,1
29011,a vehicle to savor binoche 's skill ,1
63460,heartwarming ,1
45121,its emotional power ,1
49316,of cliches that shoplifts shamelessly from farewell-to-innocence movies like the wanderers and a bronx tale without cribbing any of their intelligence ,0
41411,since beauty and the beast ,1
20728,up as the worst kind of hubristic folly ,0
61968,terminally bland ,0
30604,it 's a fairy tale that comes from a renowned indian film culture that allows americans to finally revel in its splendor . ,1
25423,the latest adam sandler assault and possibly the worst film of the year . ,0
28857,this poor remake ,0
30697,striking and ,1
62416,"awe-inspiring , at times sublime , visuals ",1
28829,as cleverly plotted as the usual suspects ,1
63023,a class by itself ,1
3760,prove diverting enough ,1
36511,has enough laughs to sustain interest to the end ,1
23098,"conjure proper respect for followers of the whole dead-undead genre , who deserve more from a vampire pic than a few shrieky special effects ",0
29806,"expands the horizons of boredom to the point of collapse , turning into a black hole of dullness , from which no interesting concept can escape . ",0
27598,take care of my cat emerges as the very best of them ,1
5885,warm the hearts of animation enthusiasts of all ages ,1
16738,has created a brilliant motion picture ,1
9134,in its committed dumbness ,0
39690,affair ,0
22667,terribly episodic and lacking the spark of imagination that might have made it an exhilarating ,0
54258,"can not help but love cinema paradiso , whether the original version or new director 's cut . ' ",1
19362,drawn in by the sympathetic characters ,1
26830,"is moody , oozing , chilling and heart-warming all at once ... a twisting , unpredictable , cat-and-mouse thriller . ",1
48764,a surprisingly funny movie . ,1
37394,"this is lightweight filmmaking , to be sure , but it 's pleasant enough -- and oozing with attractive men ",1
1264,to watch too many barney videos ,1
9428,the film is full of charm . ,1
38274,fragmentary ,0
52722,views youthful affluence not as a lost ideal but a starting point ,1
47321,bores ,0
45494,a charismatic charmer likely to seduce and conquer ,1
25701,"complex , laden with plenty of baggage and tinged with tragic undertones ",1
7783,the broiling sun for a good three days ,0
12282,cheery and tranquil ,1
56447,making this queen a thoroughly modern maiden ,1
63061,"the redeeming feature of chan 's films has always been the action , but the stunts in the tuxedo seem tired and , what 's worse , routine . ",0
38677,uni-dimensional ,0
41900,for a few comic turns ,1
1464,begins on a high note and ,1
63996,"fresh , sometimes funny , and ",1
559,"appalling , shamelessly manipulative and contrived ",0
42940,"turns the goose-pimple genre on its empty head and fills it with spirit , purpose and emotionally bruised characters who add up to more than body count ",1
3404,'s like rocky and bullwinkle on speed ,1
43302,serry 's ability to take what is essentially a contained family conflict and put it into a much larger historical context ,1
44532,"singing and finger snapping it might have held my attention , but as it stands i kept looking for the last exit from brooklyn . ",0
43976,an engaging and intimate first feature ,1
35585,fantastically vital movie ,1
31557,to imagine anybody ever being `` in the mood '' to view a movie as harrowing and painful as the grey zone ,0
35441,a polished and vastly entertaining caper film that puts the sting back into the con ,1
22685,"has improved upon the first and taken it a step further , richer and deeper ",1
19367,as a potentially incredibly twisting mystery ,1
40056,favors to sober us up with the transparent attempts at moralizing ,0
1140,it 's about family ,1
18590,"if you 're as happy listening to movies as you are watching them , and the slow parade of human frailty fascinates you , then you 're at the right film . ",1
35878,saucy ,1
3685,romantic and serenely ,1
6825,in short ,0
27111,guilty of the worst sin of attributable to a movie like this ,0
19712,... too sappy for its own good . ,0
3200,"allegiance to chekhov , which director michael cacoyannis displays with somber earnestness in the new adaptation of the cherry orchard , is a particularly vexing handicap . ",0
7799,the original ,1
62588,is extraordinary . ,1
11465,an exhilarating new interpretation ,1
44578,discursive but oddly riveting documentary . ,1
30748,the road paved with good intentions leads to the video store '' ,0
26661,"i loved on first sight and , even more important ",1
65281,sensitive ensemble performances ,1
14039,"gorgeous , passionate , and at times uncommonly moving ",1
33639,maintaining the appearance of clinical objectivity ,1
804,funny and sad ,1
62535,with a sweet ,1
40570,"what madonna does here ca n't properly be called acting -- more accurately , it 's moving and it 's talking and it 's occasionally gesturing , sometimes all at once ",0
43721,contrived pastiche of caper clichés . ,0
53334,audacious-impossible ,0
56732,", to find a place among the studio 's animated classics ",1
10855,"a couple of things that elevate `` glory '' above most of its ilk , most notably the mere presence of duvall ",1
32290,"is a stunning film , a one-of-a-kind tour de force . ",1
54500,beautifully crafted and cooly unsettling ... recreates the atmosphere of the crime expertly ,1
52484,anachronistic phantasms haunting the imagined glory of their own pasts ,1
22279,drags it back ,0
14608,"because we 've seen ( eddie ) murphy do the genial-rogue shtick to death , but because the plot is equally hackneyed ",0
21261,"drama , conflict , tears and surprise -- ",1
5435,the new film is a lame kiddie flick ,0
2745,takes no apparent joy ,0
45114,that ends up slapping its target audience in the face by shooting itself in the foot ,0
64572,excruciating demonstration ,0
61793,"touching , raucously amusing , uncomfortable ",1
51470,walks a tricky tightrope between being wickedly funny and just plain wicked ,0
13127,unabashedly romantic picture ,1
33961,was a better film ,1
29346,merits ,1
51591,"pan nalin 's exposition is beautiful and mysterious , and ",1
42656,deaths ,0
23497,an original talent ,1
51293,holes that will be obvious even to those who are n't looking for them ,0
5567,"solaris is rigid and evasive in ways that soderbergh 's best films , `` erin brockovich , '' `` out of sight '' and `` ocean 's eleven , '' never were . ",1
22346,the conventional science-fiction elements of bug-eyed monsters ,0
26408,"ugly , pointless , stupid movie ",0
65725,"all comedy is subversive , ",1
51622,one of the worst movies of the year . ,0
35019,the most consistently funny of the austin powers films ,1
32371,after next ,1
30527,( a ) mess ,0
37838,... stale and uninspired . ,0
66246,brady ,1
29809,seem graceless and ugly ,0
10528,-- that the ` true story ' by which all the queen 's men is allegedly `` inspired '' was a lot funnier and more deftly enacted than what 's been cobbled together onscreen . ,0
45077,the storyline and its underlying themes ... finally seem so impersonal or even shallow ,0
45542,comedy ,1
50785,best star trek movie ,1
34843,contemporary chinese life that many outsiders will be surprised to know ,1
30847,"michael moore has perfected the art of highly entertaining , self-aggrandizing , politically motivated documentary-making ",1
10679,achieve the popularity of my big fat greek wedding ,1
11721,his most ardent fans ,1
45769,unique culture ,1
60790,a young boy ,1
16762,"while bollywood/hollywood will undoubtedly provide its keenest pleasures to those familiar with bombay musicals , it also has plenty for those ( like me ) who are n't . ",1
5752,", is still good fun . ",1
53449,ca n't stand ,0
21135,disquieting ,0
54089,is a hilarious place to visit ,1
47449,an exhilarating ,1
30763,tedious ,0
57585,most moronic screenplays ,0
57930,last year 's kubrick-meets-spielberg exercise ,1
66577,very entertaining ,1
49430,some intelligent observations ,1
2208,"wonderful , imaginative script ",1
15601,"funny , subtle , and resonant ",1
64879,` santa clause 2 ' is wondrously creative . ,1
31950,'s not too much of anything . ,0
17994,"it might not be 1970s animation , but everything else about it is straight from the saturday morning cartoons -- a retread story , bad writing , and the same old silliness ",0
4883,famous moments ,1
23323,unfulfilling ,0
14032,another best ,1
22677,"sitting in a downtown café , overhearing a bunch of typical late-twenty-somethings natter on about nothing , ",0
50579,a weird and wonderful comedy . ,1
45235,hefty thematic material ,1
3901,in the series ,1
12343,it 's no lie ,1
4990,limps along ,0
3589,feel my eyelids ... getting ... very ... heavy ,0
47847,smart and newfangled ,1
1651,as tiresome as 9 ,0
25794,massive cardiac arrest ,0
13792,scorsese 's bold images and generally smart casting ,1
46327,"intelligent , caustic ",1
55858,"may not be an important movie , or even a good one ",0
58899,"shining with all the usual spielberg flair , expertly ",1
38788,destined to fill the after-school slot at shopping mall theaters across the country . ,1
62742,but none of which amounts to much of a story ,0
47614,is elevated by michael caine 's performance as a weary journalist in a changing world . ,1
44798,the more serious-minded concerns of other year-end movies ,1
14296,an experience that is richer than anticipated ,1
11107,"can not mount a cogent defense of the film as entertainment , or even performance art , although the movie does leave you marveling at these guys ' superhuman capacity to withstand pain . ",0
26457,a community-college advertisement ,0
48634,so successful at lodging itself in the brain ,1
60119,the sheer joy and pride ,1
35780,about a family 's joyous life ,1
6722,good dialogue ,1
31163,have found a cult favorite to enjoy for a lifetime ,1
64197,its story of actorly existential despair than for its boundary-hopping formal innovations and glimpse into another kind of chinese ,1
43575,joyous documentary . ,1
15367,"whether or not you 're enlightened by any of derrida 's lectures on `` the other '' and `` the self , '' derrida is an undeniably fascinating and playful fellow . ",1
16240,enormously enjoyable ,1
30280,tight and truthful ,1
9778,worst possibilities ,0
43865,"a small gem of a movie that defies classification and is as thought-provoking as it is funny , scary and sad . ",1
3311,upbeat ending ,1
18658,"as a story of dramatic enlightenment , the screenplay by billy ray and terry george leaves something to be desired . ",0
24211,inspiring and pure ,1
37383,ethnic sleeper ,1
41364,a purposefully reductive movie ,1
32186,evolve ,1
40581,"assume he had a bad run in the market or a costly divorce , because there is no earthly reason other than money why this distinguished actor would stoop so low ",0
12212,mystery devoid ,0
7119,soderbergh 's best films ,1
20394,busts out of its comfy little cell ,1
45722,the film falters ,0
21389,feces ,0
38047,"it tends to remind one of a really solid woody allen film , with its excellent use of new york locales and sharp writing ",1
46984,the updated dickensian sensibility of writer craig bartlett 's story ,1
29063,"curious to note that this film , like the similarly ill-timed antitrust , is easily as bad at a fraction the budget ",0
59536,a seven rip-off ,0
52163,'re gon na like this movie . ,1
20995,"welles groupie/scholar peter bogdanovich took a long time to do it , but he 's finally provided his own broadside at publishing giant william randolph hearst . ",1
15174,its lackadaisical plotting and mindless action ,0
9708,keep this fresh . ,1
53527,this low-rent -- and even lower-wit -- rip-off ,0
14157,"chilling , unnerving film ",1
35749,may be the first cartoon ever to look as if it were being shown on the projection television screen of a sports bar . ,0
15753,imamura has said that warm water under a red bridge is a poem to the enduring strengths of women . ,1
56815,it 's still quite worth seeing ,1
44644,smartly played and smartly directed . ,1
12462,'s simply unbearable ,0
6987,hokey ,0
20420,taboo ,0
29305,straight from the ages ,1
12079,the best case ,1
16875,succeed in producing that most frightening of all movies -- a mediocre horror film too bad to be good and too good to be bad . ,0
18357,is doing something of a public service -- shedding light on a group of extremely talented musicians who might otherwise go unnoticed and underappreciated by music fans . ,1
41195,"a happy , heady jumble ",1
67265,a delightful entree in the tradition of food movies . ,1
29424,sentimentalizing ,1
28141,"its gender politics , genre thrills ",1
981,would n't have taken the protagonists a full hour to determine that in order to kill a zombie you must shoot it in the head ,0
37778,appreciate the emotional depth of haynes ' work ,1
40485,"somewhere inside the mess that is world traveler , there is a mediocre movie trying to get out . ",0
47666,i see this piece of crap again ,0
49450,bad direction ,0
23946,"infuses the movie with much of its slender , ",1
57367,in remembrance ,1
47241,( the film 's ) taste for `` shock humor '' will wear thin on all but ,0
34963,stop eric schaeffer before he makes another film ,0
56526,old disease-of-the-week small-screen melodramas ,0
40988,"elling never gets too cloying thanks to the actors ' perfect comic timing and sweet , genuine chemistry . ",1
20569,grips and holds you in rapt attention from ,1
10906,"it uses very little dialogue , making it relatively effortless to read and follow the action at the same time . ",1
52499,the problem with movies about angels ,0
20580,a certain charm ,1
33138,disjointed mess ,0
58909,"successfully blended satire , high camp and yet another sexual taboo into a really funny movie ",1
26656,lives up to the stories and faces and music of the men who are its subject ,1
40817,unique director 's ,1
56958,suck up ,0
54198,able to tear their eyes away from the screen ,1
64147,is credible and remarkably mature . ,1
44623,"catch the pitch of his poetics , savor the pleasure of his sounds and images , and ",1
45638,audacity ,0
47581,makes the material seem genuine rather than pandering ,1
50339,"is tight and truthful , full of funny situations and honest observations ",1
9669,is all but washed away by sumptuous ocean visuals and the cinematic stylings of director john stockwell ,1
35005,that 's because relatively nothing happens . ,0
16709,hunky has-been ,0
13824,"a delightful , if minor , pastry of a movie . ",1
29240,as a seven rip-off ,0
6140,love ,1
40455,"there is a real subject here , and it is handled with intelligence and care . ",1
1277,never rises above mediocrity ,0
24397,greatest natural sportsmen ,1
42312,terrific setpieces ,1
16529,whose riveting memories are rendered with such clarity that it 's as if it all happened only yesterday ,1
20014,manage to be spectacularly outrageous . ,1
44610,below ,0
15269,it 's an entertaining movie ,1
11712,shorter than britney 's cutoffs ,0
16184,just seem like a bad idea from frame one ,0
13560,'s quite an achievement ,1
25482,"an interesting topic , some intriguing characters and ",1
7240,any way of gripping what its point is ,0
41525,"horrible , 99-minute ",0
35121,most multilayered and sympathetic ,1
1665,the plot ( other than its one good idea ) and the movie 's inescapable air of sleaziness ,0
46571,", it 'll probably be in video stores by christmas , and it might just be better suited to a night in the living room than a night at the movies . ",0
56006,are mesmerizing ,1
52895,"the hurried , badly cobbled look ",0
20877,doze off thirty minutes ,0
49407,could not stand them ,0
50156,in which the kids in the house will be gored ,0
10788,the lack of naturalness makes everything seem self-consciously poetic and forced ... it 's a pity that ( nelson 's ) achievement does n't match his ambition ,0
65374,lacks the inspiration of the original and has a bloated plot that stretches the running time about 10 minutes past a child 's interest and an adult 's patience ,0
31503,intriguing and realistic ,1
56162,may seem disappointing in its generalities ,0
27959,"is a mormon family movie , and a sappy , preachy one at that ",0
41039,where this was lazy but enjoyable ,1
2660,"is a convincing one , ",1
23882,more because you 're one of the lucky few who sought it out ,1
2388,"to treat its characters , weak and strong , as fallible human beings , not caricatures , and ",1
9299,"the first mistake , i suspect , ",0
36350,thought-provoking picture . ,1
40376,-- and deeply appealing -- ,1
38933,too sappy for its own good ,0
6391,", this cinderella story does n't have a single surprise up its sleeve . ",0
40199,lighting effects and ,1
33304,brims with passion ,1
6579,schrader examines crane 's decline with unblinking candor . ,1
19704,often-hilarious ,1
44585,dreary movie . ,0
24750,a load of clams left in the broiling sun for a good three days ,0
19992,... a pretentious mess ... ,0
9240,a domestic melodrama with weak dialogue and biopic cliches . ,0
38038,with considerable aplomb ,1
5675,no unifying rhythm or visual style ,0
3322,treasure planet rivals the top japanese animations of recent vintage . ,1
43516,of life and small delights ,1
67147,"nicks refuses to let slackers be seen as just another teen movie , which means he can be forgiven for frequently pandering to fans of the gross-out comedy . ",1
34688,vulgarity ,0
30486,this woefully hackneyed movie ,0
15530,the intentionally low standards ,0
52307,for it other than its exploitive array of obligatory cheap ,0
31834,obsessive love ,1
43760,"is worth your time , especially ",1
29676,the story is smart and entirely charming in intent and execution . ,1
2815,his best film ,1
49981,"gritty , sometimes funny ",1
63060,"goofy , heartfelt , mesmerizing king lear ",1
55534,", it also represents glossy hollywood at its laziest . ",0
1553,"acceptable , occasionally very enjoyable ",1
37198,become just another situation romance about a couple of saps stuck in an inarticulate screenplay ,0
10192,a story about intelligent high school students that deals with first love sweetly but also seriously . ,1
62266,"normally , rohmer 's talky films fascinate me , but when he moves his setting to the past , and relies on a historical text , he loses the richness of characterization that makes his films so memorable ",0
30061,queasy infatuation and overall strangeness ,0
46972,stifling morality tale ,0
50107,cinematic perfection ,1
13297,stunningly trite ,0
16104,the devastation ,0
18251,"human nature , in short , is n't nearly as funny as it thinks it is ; neither is it as smart . ",0
9100,cool visual backmasking ) ,1
39401,bully ,0
9660,feels rigged and sluggish . ,0
12915,wears ,0
27254,", even after the most awful acts are committed , is an overwhelming sadness that feels as if it has made its way into your very bloodstream . ",1
43204,the earmarks ,1
19470,unshapely ,0
61840,can be gleaned from this three-hour endurance test built around an hour 's worth of actual material ,0
21179,is a lumbering load of hokum but ,0
52460,hoped i would -- with moist eyes ,1
54483,screams ,0
14572,"no charm , no laughs , no fun , no reason to watch . ",0
11788,a so-called ` comedy ' and not laugh ,0
52665,"as an introduction to the man 's theories and influence , derrida is all but useless ; as a portrait of the artist as an endlessly inquisitive old man , however , it 's invaluable ",1
17039,the lack-of-attention span ,0
65341,roman polanski 's autobiographical gesture at redemption is better than ` shindler 's list ' ,1
20534,"as if ( there 's ) a choke leash around your neck so director nick cassavetes can give it a good , hard yank whenever he wants you to feel something ",0
21121,", crossroads comes up shorter than britney 's cutoffs . ",0
13261,"an ode to unconditional love and compassion garnered from years of seeing it all , a condition only the old are privy to , and ... often misconstrued as weakness ",1
37940,silly comedy ,1
7541,"takes a really long , slow and dreary time to dope out what tuck everlasting is about . ",0
62473,"a vivid , sometimes surreal , ",1
36926,end all chases ,1
58039,of the finest kind ,1
25764,the problem with all of this : it 's not really funny . ,0
17623,"talky , artificial and opaque ... an interesting technical exercise , but a tedious picture . ",0
51728,"tell you how tedious , ",0
34874,a fine job ,1
49708,commanding ,1
60627,intelligent and ,1
24693,"warm , ",1
27097,"of light-heartedness , that makes it attractive throughout ",1
35509,admirably ,1
3409,beautiful scene ,1
54896,"straightforward , emotionally honest manner ",1
41764,the bard as black comedy -- willie would have loved it ,1
55638,in the excesses of writer-director roger avary ,0
15207,enhances the personal touch of manual animation ,1
51178,moments of spontaneous creativity and authentic co-operative interaction ,1
42830,has n't progressed as nicely as ` wayne . ' ,0
61816,about one of cinema 's directorial giants ,1
22043,tits ,1
53919,of california ,1
23230,"a wry , affectionate delight ",1
25473,bother with a contemptible imitator starring a `` snl '' has-been acting like an 8-year-old channeling roberto benigni ? ,0
4268,the package in which this fascinating -- and timely -- content comes wrapped ,1
27060,he shows and empathizes with the victims he reveals ,1
16195,"aimless , arduous ",0
35153,a wholesome fantasy ,1
3115,useless ,0
15644,anchored by splendid performances ,1
4457,returns as a visionary with a tale full of nuance and character dimension ,1
34123,satisfaction ,1
30150,more than their unique residences ,1
64000,a real winner ,1
26332,original and highly cerebral ,1
13277,it will make you wish you were at home watching that movie instead of in the theater watching this one . ,0
277,arrive early and stay late ,1
63351,stupid and ,0
15570,style and mystification ,1
4246,( ,0
2694,soon-to-be-forgettable ,0
44842,off the hook ,1
54004,entertains not ,0
66949,finds warmth in the coldest environment and ,1
54159,a spontaneity ,1
45566,"with nary an original idea ( or role , or edit , or score , or anything , really ) in sight ",0
56983,sc2 is an autopilot hollywood concoction lacking in imagination and authentic christmas spirit ,0
56380,become comparatively sane and healthy ,1
59908,"we get an ugly , mean-spirited lashing out by an adult who 's apparently been forced by his kids to watch too many barney videos . ",0
39055,attal 's hang-ups surrounding infidelity are so old-fashioned and ,0
56535,skill and determination ,1
14934,ca n't seem to get a coherent rhythm going ,0
65555,never ,0
35506,love and compassion ,1
37645,"it 's a bad sign when you 're rooting for the film to hurry up and get to its subjects ' deaths just so the documentary will be over , but it 's indicative of how uncompelling the movie is unless it happens to cover your particular area of interest . ",0
44561,relationship and ,1
39562,extraordinary poignancy ,1
22584,"the strength of the film comes not from any cinematic razzle-dazzle but from its recovery of an historical episode that , in the simple telling , proves simultaneously harrowing and uplifting . ",1
14633,"a complete shambles of a movie so sloppy , so uneven , so damn unpleasant that i ca n't believe any viewer , young or old , ",0
10027,never fails to entertain ,1
1434,been kind enough to share it ,1
47958,"worry about being subjected to farts , urine , feces , semen , or any of the other foul substances ",0
64815,this world more complex ,1
33298,'' has n't much more to serve than silly fluff ,0
19647,the robust middle of this picture ,1
61694,cast the magnificent jackie chan in a movie full of stunt doubles and special effects ,1
27964,mind crappy movies ,0
60489,opening up ,1
27864,considerable punch ,1
61536,"the film boasts dry humor and jarring shocks , plus moments of breathtaking mystery . ",1
44685,"s1m0ne 's satire is not subtle , but ",0
21557,there 's a lot of tooth in roger dodger . ,1
13724,could force you to scratch a hole in your head . ,0
5252,"hard , endearing , caring , warm . ",1
25807,better drama ,1
53650,a fascinating glimpse of urban life and ,1
17667,touching movie ,1
1880,"when all is said and done , she loves them to pieces -- and so , i trust , will you . ",1
13955,i 'm sure there 's a teenage boy out there somewhere who 's dying for this kind of entertainment . ,0
60061,"know if it wants to be a retro-refitting exercise in campy recall for older fans or a silly , nickelodeon-esque kiddie flick ",0
11251,endlessly superficial . ,0
59206,-- is a crime that should be punishable by chainsaw . ,0
54418,spreads itself too thin ,0
16422,ill-considered notion ,0
14465,as earnest as a community-college advertisement ,0
15475,visual hideousness ,0
62335,but it 's hardly a necessary enterprise . ,0
27824,a work of deft and subtle poetry ,1
8093,of invention ,1
10461,all give life to these broken characters who are trying to make their way through this tragedy ,1
41514,dramatic and emotional ,1
29904,", there is little else to recommend `` never again . '' ",0
56444,", like me , think an action film disguised as a war tribute is disgusting to begin with ",0
65626,smutty ,0
15463,it 's also not smart or barbed enough for older viewers ,0
67142,trying to pass off as acceptable teen entertainment for some time now ,0
27077,"strangers , which opens today in the new york metropolitan area , so distasteful ",0
39972,your least favorite ,0
11406,"present brown as a catalyst for the struggle of black manhood in restrictive and chaotic america ... sketchy but nevertheless gripping portrait of jim brown , a celebrated wonder in the spotlight ",1
20184,crisp and purposeful ,1
9491,"a good film with a solid pedigree both in front of and , more specifically , behind the camera . ",1
2023,delivers a magnetic performance . ,1
39598,", there are side stories aplenty -- none of them memorable . ",0
16374,"treats his audience the same way that jim brown treats his women -- as dumb , credulous , unassuming , subordinate subjects ",0
58468,no doubt that krawczyk deserves a huge amount of the credit for the film 's thoroughly winning tone ,1
20650,new adaptation ,1
26071,the girls ' amusing personalities ,1
60659,"is far-flung , illogical , and plain stupid ",0
45622,of a man with unimaginable demons ,1
5683,one of those so-so films that could have been much better ,0
66316,mawkish dialogue ,0
39533,extremely unpleasant film ,0
6684,delivered with such conviction ,1
30530,the crassness of this reactionary thriller is matched only by the ridiculousness of its premise . ,0
42070,affectionate delight ,1
21239,much colorful eye candy ,1
46053,"a solid , psychological action film from hong kong . ",1
28487,fascinate me ,1
41909,think most of the people who loved the 1989 paradiso will prefer this new version ,1
52952,"is sentimental but feels free to offend , is analytical and then surrenders to the illogic of its characters , is about grief and yet permits laughter ",1
51385,"avoids all the comic possibilities of its situation , and becomes one more dumb high school comedy about sex gags and prom dates . ",0
64928,emotional evolution ,1
28217,"mr. murray , a prolific director of music videos , stuffs his debut with more plot than it can comfortably hold . ",0
30634,"snapping it might have held my attention , but as it stands i ",0
51964,leaden as the movie sputters ,0
48069,ol' ,1
8159,"this latest installment of the horror film franchise that is apparently as invulnerable as its trademark villain has arrived for an incongruous summer playoff , demonstrating yet again that the era of the intelligent , well-made b movie is long gone . ",0
62490,beginning with the minor omission of a screenplay ,0
15146,"like the work of an artist who is simply tired -- of fighting the same fights , of putting the weight of the world on his shoulders , of playing with narrative form . ",0
18502,transcends the boy-meets-girl posturing of typical love stories ,1
28740,the old disease-of-the-week small-screen melodramas ,0
65581,spider web . ,0
12620,long and eventful spiritual journey ,1
4781,the poor quality of pokemon 4 ,0
39760,promises a new kind of high but delivers the same old bad trip ,0
60100,at its best ,1
67158,plotting ,1
56781,"loud , ugly , irritating ",0
5815,"about half of them are funny , a few are sexy and ",1
35485,very little to add beyond the dark visions already relayed by superb ,0
43624,walked away from this new version of e.t. just as i hoped i would -- with moist eyes ,1
939,"a faulty premise , ",0
63236,sirk ,1
7707,"law enforcement , and a visceral , nasty journey ",0
63644,i could not stand them ,0
55281,is something rare and riveting : a wild ride that relies on more than special effects . ,1
19988,", it could have been a thinking man 's monster movie ",0
15145,"the word that comes to mind , while watching eric rohmer 's tribute to a courageous scottish lady ",1
24193,can not overcome the sense that pumpkin is a mere plot pawn for two directors with far less endearing disabilities ,0
4225,the none-too-original premise ,0
57264,a slow-moving police-procedural thriller that takes its title all too literally . ,0
21221,", the film makes up for it with a pleasing verisimilitude . ",1
14593,a stunning fusion of music and images ,1
30342,it will do so in a way that does n't make you feel like a sucker ,1
3344,is it really an advantage to invest such subtlety and warmth in an animatronic bear when the humans are acting like puppets ? ,0
2328,joy ,1
48308,"smart and alert , thirteen conversations about one thing is a small gem . ",1
65364,", this somber picture reveals itself slowly , intelligently , artfully . ",1
15694,lumbering ,0
4110,independent or ,1
25266,among the studio 's animated classics ,1
14188,"appear foolish and shallow rather than , as was more likely , ",0
22796,while not for every taste ,0
51936,elevates the material above pat inspirational status and ,1
1520,accents so good ,1
6850,the spectacle ,1
64177,"funny , sexy , devastating and incurably romantic . ",1
62556,and mainly unfunny ,0
65053,another cool crime movie ,1
62444,from the people laughing in the crowd ,1
46453,capitalizes on this concept and opts for the breezy and amateurish feel of an after school special on the subject of tolerance . ,0
66603,to enjoy for a lifetime ,1
56087,that accomplishes so much that one viewing ca n't possibly be enough ,1
58202,a high-spirited buddy movie about the reunion of berlin ,1
24753,insightful moments . ,1
2362,"soderbergh , like kubrick before him , may not touch the planet 's skin , but understands the workings of its spirit . ",1
26703,great yarn ,1
42134,"resulted in a smoother , more focused narrative without sacrificing any of the cultural intrigue ",1
57958,kiarostami has crafted a deceptively casual ode to children and managed to convey a tiny sense of hope . ,1
6950,do n't blame eddie murphy but ,0
61666,"ford and neeson capably hold our interest , but its just not a thrilling movie ",0
40194,is still quite good-natured and not a bad way to spend an hour or two ,1
3415,"however , it 's pleasant enough and its ecological , pro-wildlife sentiments are certainly welcome . ",1
62304,engaging enough ,1
25927,"a warm , moving message ",1
66901,"in its own floundering way , it gets to you . ",1
544,"making kahlo 's art a living , ",1
58522,lukewarm and quick to pass ,0
63858,all the movie 's narrative gymnastics ca n't disguise the fact that it 's inauthentic at its core and that its story just is n't worth telling . ,0
38103,of the most entertaining monster movies in ages ,1
44115,"often watchable , though goofy and lurid , ",1
58922,of dramatic enlightenment ,1
9089,to check your brain at the door ,0
50096,as a vehicle to savor binoche 's skill ,1
49980,cinematic art ,1
447,comatose ballerinas ,0
17095,sensuous and ,1
13112,insensitivity ,0
10161,"'s all stitched together with energy , intelligence and verve , enhanced by a surplus of vintage archive footage ",1
45473,heartfelt romance ,1
16766,riveting ,1
59030,"most consumers of lo mein and general tso 's chicken barely give a thought to the folks who prepare and deliver it , so , hopefully , this film will attach a human face to all those little steaming cartons . ",1
54562,joys ,1
28709,a hokey piece of nonsense ,0
15335,standard crime drama fare ... instantly forgettable and thoroughly dull ,0
13037,boring despite the scenery ,0
16398,emerges with yet another remarkable yet shockingly little-known perspective ,1
41110,for the character at all stages of her life ,1
32717,sincere and artful ,1
16590,jay russell ,0
17180,for adventurous indian filmmakers toward a crossover ,1
47168,keeping the picture compelling ,1
28427,accomplishes so much that one viewing ca n't possibly be enough ,1
64412,"'ll find it with ring , an indisputably spooky film ; with a screenplay to die for ",1
246,are worth the price of admission ... if `` gory mayhem '' is your idea of a good time ,1
66757,"this charming , thought-provoking new york fest of life and love has its rewards . ",1
38670,"it 's refreshing that someone understands the need for the bad boy ; diesel , with his brawny frame and cool , composed delivery , fits the bill perfectly . ",1
51380,"outtakes in which most of the characters forget their lines and just utter ` uhhh , ' which is better than most of the writing in the movie ",0
46531,typical junkie opera ,0
36266,possibly the best actor ,1
10849,an action cartoon that 's suspenseful enough for older kids but not too scary for the school-age crowd ,1
1620,has been ,1
37016,neither light nor magical enough to bring off this kind of whimsy ,0
58698,"it 's packed with adventure and a worthwhile environmental message , ",1
6335,"far from heaven is a dazzling conceptual feat , but more than that , it 's a work of enthralling drama . ",1
64376,a corny examination ,0
24244,"is , more often then ",1
62679,of the two bewitched adolescents ,0
45507,"weighted down with slow , uninvolving storytelling and flat acting ",0
16981,humanism ,1
19741,to be ( tsai 's ) masterpiece ,1
53430,they do n't fit well together and neither is well told . ,0
18061,persuasive ,1
10763,socially encompassing ,1
61346,vague without any of its sense of fun or energy ,0
8642,terrific film ,1
34446,"just about more stately than any contemporary movie this year ... a true study , a film with a questioning heart ",1
33927,the biggest problem i have ,0
45385,a suspenseful spin on standard horror flick formula ,1
62644,having to inhale this gutter romancer 's secondhand material ,0
29392,a fascinating ,1
24288,the light-footed enchantment ,1
30156,george and lucy 's most obvious differences to ignite sparks ,1
4065,arresting ,1
65159,is that there is never any question of how things will turn out ,0
49244,"good action , good acting , good dialogue , good pace , good cinematography . ",1
19617,a poor fit with kieslowski 's lyrical pessimism ,0
15532,"those willing to endure its extremely languorous rhythms , waiting for happiness ",0
21867,a wonderfully warm human drama ,1
38909,the film 's predictable denouement ,0
7326,the level of an after-school tv special ,0
21437,"ill-considered , unholy hokum . ",0
11724,this listless feature ,0
28969,low rent from frame one . ,0
19225,"a shame that stealing harvard is too busy getting in its own way to be anything but frustrating , boring , and forgettable . ",0
10,goes to absurd lengths ,0
63750,", hard-hitting documentary . ",1
61891,a very capable nailbiter . ,1
54095,"it might not be 1970s animation , ",0
53308,just how much more grueling and time-consuming the illusion of work is than actual work ,0
2933,had the balance shifted in favor of water-bound action over the land-based ` drama ,0
7913,that neatly and effectively captures the debilitating grief ,1
18578,compelling allegory ,1
24657,the modern-day royals have nothing on these guys when it comes to scandals . ,0
41577,incoherent jumble ,0
56417,cultural and economic subtext ,1
32528,", 91-minute trailer ",0
61086,"what ( denis ) accomplishes in his chilling , unnerving film is a double portrait of two young women whose lives were as claustrophic , suffocating and chilly as the attics to which they were inevitably consigned . ",1
22664,"seen , constantly pulling the rug from underneath us , seeing things from new sides , plunging deeper , getting more intense ",1
64358,is n't it a bit early in his career for director barry sonnenfeld to do a homage to himself ? ,0
15505,treats us to an aimless hodgepodge ,0
8939,in which the hero might have an opportunity to triumphantly sermonize ,1
52760,into a mundane '70s disaster flick ,0
46656,"few films have been this odd , inexplicable and unpleasant . ",0
49104,the plot is nothing but boilerplate clichés from start to finish ,0
58665,"with its exquisite acting , inventive screenplay , mesmerizing music , and many inimitable scenes ",1
51427,contentious configurations ,0
48649,"of filmmaking , the kind that pretends to be passionate and truthful but is really frustratingly timid and soggy ",0
43797,"with a sour taste in one 's mouth , and little else ",0
53168,shot like a postcard and overacted with all the boozy self-indulgence that brings out the worst in otherwise talented actors ,0
26664,sloppy plotting ,0
30609,as a noble teacher who embraces a strict moral code ,1
54078,an especially well-executed television movie ,1
26418,"does n't take a rocket scientist to figure out that this is a mormon family movie , and a sappy , preachy one at that ",0
51344,too much resonance ,0
46333,"makes the case for a strong education and good teachers being more valuable in the way they help increase an average student 's self-esteem , and not strictly in the knowledge imparted . ",1
47132,a beautiful paean ,1
60583,hide a weak script ,0
12807,foul up ,0
21170,it lacks the utter authority of a genre gem ,0
12297,from pinnacle to pinnacle ,1
38101,visually striking and viscerally repellent . ,1
897,an ebullient affection ,1
10839,takes your breath ,1
6353,( ferrera ) has the charisma of a young woman who knows how to hold the screen . ,1
38825,a winner ,1
10649,a terrific look ,1
48961,having a nightmare about bad cinema ,0
34623,"do n't mind crappy movies as much as adults , provided there 's lots of cute animals and clumsy people . ",0
6694,knew what the hell was coming next ,0
11976,"charming , ",1
50845,well-thought stunts or a car chase ,1
14305,fights ,0
20809,to the empty stud knockabout of equilibrium ,0
58053,"the story feels like the logical , unforced continuation of the careers of a pair of spy kids ",1
49418,are beautifully ,1
16699,draws you ,1
14060,inadequately motivated ,0
11892,proves once again that a man in drag is not in and of himself funny . ,0
49648,the most moronic screenplays of the year ,0
21983,"director/co-writer jacques audiard , though little known in this country , belongs in the very top rank of french filmmakers ",1
60834,scratch for a lesson in scratching ,0
52147,"cheap , graceless , hackneyed sci-fi serials ",0
20027,"the bad sound , the lack of climax and , worst of all , ",0
34284,derailed by bad writing and ,0
3285,he has actually bothered to construct a real story this time . ,1
56752,i do n't blame eddie murphy but should n't ,0
4556,frustrating ,0
2193,easy to like ,1
39645,"he is n't blind to the silliness , but also captures moments of spontaneous creativity and authentic co-operative interaction ",1
33459,"recommended -- as visually bland as a dentist 's waiting room , complete with soothing muzak and a cushion of predictable narrative rhythms ",0
55958,writer-director juan carlos fresnadillo makes a feature debut that is fully formed and remarkably assured . ,1
3724,pity anyone who sees this mishmash . ,0
26560,"a bunch of other , better movies slapped together . ",0
48738,"insipid , brutally clueless film ",0
23983,pulp melodrama ,0
19266,a solidly entertaining ,1
25148,not-very-funny ,0
1228,a spoof comedy ,1
33479,"proves a lovely trifle that , unfortunately , is a little too in love with its own cuteness ",0
56205,frothy ` date movie ' ... ,1
2387,is both a snore and utter tripe ,0
39962,", proves simultaneously harrowing and uplifting ",1
62936,are n't ,0
45102,genuine ones ,1
31889,easily accessible stories ,1
34744,"like a cruel deception carried out by men of marginal intelligence , with reactionary ideas about women and a total lack of empathy ",0
53450,tiresomely simpleminded ,0
38856,"are anguished , bitter and truthful ",1
2102,damn funny stuff ,1
30900,overweight and out of shape ,0
60756,cheapening ,0
14461,"be captivated , as i was , by its moods , and by its subtly transformed star , and still wonder why paul thomas anderson ever had the inclination to make the most sincere and artful movie in which adam sandler will probably ever appear ",1
14847,"an enthralling , ",1
53415,-- if predictable -- ,0
43670,"like shrek , spirit 's visual imagination reminds you of why animation is such a perfect medium for children , because of the way it allows the mind to enter and accept another world . ",1
52399,grace and humor ,1
59467,courageousness ,1
20186,a nifty plot line in steven soderbergh 's traffic ,1
44108,scandal ,0
18477,enticing and often funny documentary ,1
67069,demonstrated a knack for mixing action and idiosyncratic humor in his charming 2000 debut shanghai noon ,1
32650,of monster truck-loving good ol' boys and peroxide blond honeys whose worldly knowledge comes from tv reruns and supermarket tabloids ,0
2392,bitter italian comedy ,0
12284,absorbing character study by andré turpin . ,1
64242,laugh-free lecture ,0
